region;Prix;Surface(m2);Proximiteplage;TitreFoncier;EauDisponible;electricite;Cloture;NbArbres;TypedeCulture;Irrigation;batiment;route
Hammam El Gheza;63000.0;1000.0;1;1;0;0;0;0;0;0;0;0
Kerkouane;1410000.0;2350.0;0;1;0;0;0;0;0;0;0;0
Dar Allouche;730400.0;913.0;0;1;0;0;0;0;0;0;0;0
Kelibia;2132500.0;853.0;0;1;0;0;0;0;0;0;0;0
Menzel Bouzelfa;700000.0;30000.0;0;0;0;0;0;0;0;0;0;0
Zone Hoteliere;78000.0;312.0;1;1;1;1;0;0;0;0;0;0
Chorfech;450000.0;10000.0;0;0;0;0;0;0;0;0;0;0
El May;130000.0;35812.0;0;1;0;0;0;23;1;0;0;0
El May;134000.0;38222.0;0;0;0;0;0;0;1;0;0;0
El May;325000.0;26582.0;0;1;0;0;0;0;0;0;1;0
El Gobba;3750000.0;150000.0;0;0;0;0;0;5000;0;0;0;0
Hammam Jebli;1179100.0;907.0;0;1;0;0;0;0;0;0;0;0
Ezzahra;962000.0;645.0;1;1;0;0;0;0;0;0;0;0
Kerkouane;1260000.0;2100.0;0;1;0;0;0;0;0;0;0;0
Dar Allouche;672000.0;840.0;0;1;0;0;0;0;0;0;0;0
Kelibia;1735000.0;694.0;1;1;0;0;0;0;0;0;0;0
Hammam El Gheza;63000.0;1000.0;0;0;0;0;0;0;0;0;0;0
Naassen;2000000.0;40000.0;0;0;0;0;0;0;0;0;0;1
Sidi Messaoud;850000.0;850.0;0;0;0;0;0;0;0;0;0;1
Sidi Thabet;5500000.0;100000.0;0;0;0;0;0;0;0;0;1;0
Chatt Meriem;690000.0;2300.0;0;0;0;0;0;0;0;0;0;0
Kalaa Essghira;220000.0;3600.0;0;0;0;0;0;0;0;0;0;1
Bir El Mellouli;85000.0;40000.0;0;0;0;0;0;0;0;0;0;0
El Ain;80000.0;115002.0;0;0;0;0;0;0;0;0;0;0
Chatt Meriem;500000.0;1600.0;0;0;0;0;1;0;0;0;0;0
Chatt Meriem;1000000.0;4000.0;0;0;0;0;0;0;0;0;0;0
Sousse Ezzouhou;330570.0;7346.0;0;0;0;0;0;0;0;0;0;0
Tamazrat;1000000.0;2000.0;0;1;0;0;0;0;0;0;0;0
Hammam Jebli;1586000.0;1220.0;1;1;0;0;0;0;0;0;0;0
Dar Allouche;90000.0;1000.0;1;1;0;0;0;0;0;0;0;0
Kerkouane;960000.0;1600.0;1;1;0;0;0;0;0;0;0;0
Dar Allouche;920000.0;1150.0;1;1;0;0;0;0;0;0;0;0
Kelibia;1950000.0;780.0;1;1;0;0;0;0;0;0;0;0
Dar Allouche;63000.0;1000.0;1;1;0;0;0;0;0;0;0;0
El Haouaria;2020000.0;2020.0;1;1;0;0;0;0;0;0;0;0
Tamazrat;1250000.0;2500.0;0;1;0;0;0;0;0;0;0;0
Hammam Jebli;1690000.0;1300.0;0;1;0;0;0;0;0;0;0;0
Hammamet;240000.0;240.0;0;0;0;0;0;0;0;0;0;0
Bou Achir;450000.0;450.0;0;0;0;0;0;0;0;0;0;1
Chatt Meriem;114070.0;1342.0;0;0;0;0;0;0;0;0;0;0
Ezzahra;795000.0;530.0;1;1;0;0;0;0;0;0;0;0
El Haouaria;90000.0;1000.0;1;1;0;0;0;0;0;0;0;0
Dar Allouche;730400.0;913.0;1;1;0;0;0;0;0;0;0;0
Jardins d'el Me;11900000.0;4442.0;0;0;0;0;0;0;0;0;0;0
Chatt Meriem;880000.0;4000.0;0;0;0;0;0;0;0;0;0;0
Bou Charray;500000.0;20650.0;0;0;0;0;0;0;0;0;1;1
Chorfech;880000.0;40000.0;0;0;0;0;0;0;0;0;0;0
Zaouiet El Mgai;14000.0;800.0;0;0;0;0;0;0;0;0;0;0
Tazarka;30000.0;2502.0;1;0;0;0;0;0;0;0;0;0
Ouriemma;420000.0;10000.0;0;0;0;0;0;130;1;0;0;0
Ezzahra;63000.0;234.0;1;1;0;0;0;0;0;0;0;0
Chatt Meriem;93600.0;234.0;0;0;0;0;0;0;0;0;0;0
El Kantaoui;170400.0;284.0;0;0;0;0;0;0;0;0;0;0
El Haouaria;320000.0;94002.0;0;0;0;0;0;0;0;0;0;0
Oued Ellil;625000.0;25002.0;0;0;1;0;1;0;1;0;0;0
Kalaa Essghira;375000.0;1500.0;0;0;0;0;0;0;0;0;0;0
Chatt Meriem;330600.0;1653.0;0;1;0;0;0;0;0;0;0;0
Bou Achir;90000.0;5500.0;0;0;1;1;0;50;1;0;0;1
Ennagr;230000.0;1000.0;0;0;0;0;1;0;1;0;0;0
Kalaa El Kebira;300000.0;11000.0;0;1;0;1;0;66;1;0;1;0
Chatt Meriem;257000.0;3681.0;0;0;0;1;0;0;0;0;0;0
Hammamet;125000.0;10000.0;0;0;1;1;0;0;0;0;0;1
Hammamet;125000.0;10000.0;0;0;1;1;0;0;0;0;0;1
Chatt Meriem;273500.0;1094.0;0;0;0;0;0;0;0;0;0;0
Hammam El Gheza;180000.0;10000.0;0;1;0;0;0;0;0;0;0;0
Kelibia;63000.0;1000.0;1;1;0;0;0;0;0;0;0;0
Beni Khalled;850000.0;20800.0;0;0;0;0;0;0;0;0;1;1
Dar Allouche;730400.0;913.0;0;1;0;0;0;0;0;0;0;0
Tamazrat;1250000.0;2500.0;0;1;0;0;0;0;0;0;0;0
Hammam Jebli;1690000.0;1300.0;0;1;0;0;0;0;0;0;0;0
Ezzahra;795000.0;530.0;1;1;0;0;0;0;0;0;0;0
Oued Ellil;625000.0;25002.0;0;0;1;0;1;0;0;0;0;0
Chatt Meriem;623220.0;3666.0;0;1;0;0;0;0;1;0;0;0
Chatt Meriem;84000.0;194.0;0;0;0;0;0;0;0;0;0;0
Kalaa El Kebira;443840.0;1464.0;0;0;0;0;0;0;0;0;0;0
Chatt Meriem;303660.0;1650.0;0;1;0;0;0;0;0;0;0;0
Chatt Meriem;158000.0;3162.0;0;0;0;0;0;0;0;0;0;0
Chatt Meriem;90000.0;905.0;0;0;0;0;0;0;0;0;0;0
Chatt Meriem;585000.0;3900.0;0;0;0;0;0;0;0;0;0;0
Chatt Meriem;564250.0;2257.0;0;0;0;0;0;0;0;0;0;0
Bousehem;600000.0;40190.0;0;0;0;0;0;0;0;0;0;0
Bir Drassen;1750000.0;140000.0;0;0;0;0;0;0;1;0;1;0
Sidi Bou Ali;390000.0;14000.0;0;0;0;0;0;20;0;0;0;0
Sidi Bou Ali;300000.0;14252.0;0;0;1;0;0;0;1;0;1;0
Borj El Amri;310000.0;30000.0;0;1;0;1;0;0;1;0;0;1
Kalaa El Kebira;387000.0;5529.0;0;1;0;0;0;0;0;0;0;0
Dar Allouche;672000.0;840.0;1;1;0;0;0;0;0;0;0;0
Kelibia;1735000.0;694.0;1;1;0;0;0;0;0;0;0;0
Ezzahra;180000.0;10000.0;0;1;0;0;0;0;0;0;0;0
Ezzahra;180000.0;10000.0;0;1;0;0;0;0;0;0;0;0
Hammam Jebli;1586000.0;1220.0;1;1;0;0;0;0;0;0;0;0
Hergla;103500.0;414.0;0;0;1;0;0;0;0;0;0;0
Ezzahra;63000.0;1000.0;1;1;0;0;0;0;0;0;0;0
Hammam El Gheza;1411000.0;830.0;1;1;0;0;0;0;0;0;0;0
Chatt Meriem;269280.0;3366.0;0;0;1;0;0;0;0;0;0;0
Dar Allouche;920000.0;1150.0;1;1;0;0;0;0;0;0;0;0
Hammamet;90000.0;2800.0;0;1;0;0;0;0;1;0;0;0
El Kobba El Keb;2750000.0;100000.0;0;0;0;0;0;0;2;0;1;1
El Kharrouba;1150000.0;71223.0;0;0;0;0;0;0;0;0;1;0
El Kobba El Keb;2000000.0;860000.0;0;0;0;0;0;0;2;0;1;0
Dar Allouche;63000.0;1000.0;0;1;0;0;0;0;0;0;0;0
Dar Allouche;63000.0;1000.0;0;1;0;0;0;0;0;0;0;0
Chatt Meriem;117000.0;234.0;1;0;0;0;0;0;0;0;0;0
Hammam El Gheza;90000.0;1000.0;1;1;0;0;0;0;0;0;0;0
Tamazrat;1250000.0;2500.0;0;1;0;0;0;0;0;0;0;0
Tamazrat;1250000.0;2500.0;0;1;0;0;0;0;0;0;0;0
Hammam El Gheza;63000.0;1000.0;1;1;0;0;0;0;0;0;0;0
Ezzahra;795000.0;530.0;0;1;0;0;0;0;0;0;0;0
Kelibia;90000.0;1000.0;1;1;0;0;0;0;0;0;0;0
Kerkouane;1410000.0;2350.0;1;1;0;0;0;0;0;0;0;0
Dar Allouche;730400.0;913.0;1;1;0;0;0;0;0;0;0;0
Teskraya;70000.0;200.0;1;0;0;0;0;0;0;0;0;0
Bou Ficha;400000.0;6000.0;0;1;0;0;0;55;1;0;0;0
Sidi Thabet;450000.0;6300.0;0;0;0;0;0;0;1;0;0;0
Jabbes;270000.0;10400.0;0;0;0;0;0;0;1;0;0;0
Ouriemma;450000.0;20000.0;0;1;0;0;0;0;0;0;1;0
Kalaa Essghira;706440.0;2523.0;0;1;0;0;0;0;0;0;0;0
Chatt Meriem;500000.0;2000.0;0;0;0;0;0;0;0;0;0;0
Kerkouane;90000.0;1000.0;1;1;0;0;0;0;0;0;0;0
Chatt Meriem;100000.0;200.0;0;0;0;0;0;0;0;0;0;0
El Haouaria;1073000.0;1073.0;1;1;0;0;0;0;0;0;0;0
Kairouan;25000.0;2000000.0;0;0;0;0;0;0;0;0;0;0
Sidi Bou Ali;270000.0;8000.0;0;0;0;0;0;0;1;0;0;0
Hammam Jebli;1586000.0;1220.0;1;1;0;0;0;0;0;0;0;0
Ezzahra;1155000.0;770.0;1;1;0;0;0;0;0;0;0;0
Kelibia;90000.0;1000.0;1;1;0;0;0;0;0;0;0;0
Hammam El Gheza;180000.0;10000.0;1;1;0;0;0;0;0;0;0;0
Hammamet;100000.0;80002.0;0;0;0;0;0;0;0;0;0;0
Ezzahra;63000.0;1000.0;1;1;0;0;0;0;0;0;0;0
El Haouaria;970000.0;970.0;0;1;0;0;0;0;0;0;0;0
Ain Tourkia;290000.0;25002.0;0;0;1;1;0;0;0;0;0;0
Tamazrat;1250000.0;2500.0;0;1;0;0;0;0;0;0;0;0
Ezzahra;795000.0;530.0;1;1;0;0;0;0;0;0;0;0
Ezzahra;90000.0;1000.0;1;1;0;0;0;0;0;0;0;0
Hammam El Gheza;63000.0;1000.0;1;1;0;0;0;0;0;0;0;0
Dar Allouche;730400.0;913.0;0;1;0;0;0;0;0;0;0;0
Sidi Hmed;120000.0;750.0;0;0;1;0;0;0;0;0;0;1
Somaa;400000.0;40002.0;0;0;0;0;0;0;0;0;0;0
El Maamoura;200000.0;4500.0;0;0;0;0;0;0;0;0;0;0
El Kantaoui;552150.0;1227.0;0;0;0;0;0;0;0;0;0;0
Sidi Bou Ali;410000.0;6000.0;0;0;0;0;0;0;1;0;1;0
Chatt Meriem;1262500.0;5050.0;0;0;0;0;0;0;0;0;0;1
Kalaa El Kebira;135000.0;6000.0;0;0;0;0;0;0;1;0;0;0
Kerkouane;1110000.0;1850.0;1;1;0;0;0;0;0;0;0;0
Ahel Jemiaa;160000.0;4200.0;0;0;0;0;0;0;1;0;0;0
Sidi Bou Ali;160000.0;6500.0;0;0;0;0;0;0;1;0;0;0
Tamazrat;90000.0;1000.0;0;1;0;0;0;0;0;0;0;0
El Haouaria;2020000.0;2020.0;1;1;0;0;0;0;0;0;0;0
Dar Allouche;792000.0;990.0;1;1;0;0;0;0;0;0;0;0
Tamazrat;1750000.0;3500.0;0;1;0;0;0;0;0;0;0;0
Hammam Jebli;63000.0;1000.0;0;1;0;0;0;0;0;0;0;0
Ezzahra;840000.0;560.0;1;1;0;0;0;0;0;0;0;0
Kerkouane;90000.0;1000.0;1;1;0;0;0;0;0;0;0;0
Kalaa El Kebira;215000.0;9000.0;0;0;0;0;0;50;1;0;0;0
Soliman;950000.0;450000.0;0;1;0;0;0;0;0;0;0;0
Chatt Meriem;105000.0;311.0;0;0;0;0;0;0;0;0;0;0
El Marja;1000000.0;20002.0;0;1;0;0;0;0;0;0;1;0
Dar Allouche;672000.0;840.0;1;1;0;0;0;0;0;0;0;0
Kelibia;90000.0;1000.0;1;1;0;0;0;0;0;0;0;0
Kelibia;63000.0;1000.0;1;1;0;0;0;0;0;0;0;0
Ezzahra;967500.0;645.0;1;1;0;0;0;0;0;0;0;0
Belaoum;450000.0;250000000.0;0;0;0;0;0;0;1;0;0;0
Ezzahra;90000.0;1000.0;1;1;0;0;0;0;0;0;0;0
Ezzahra;63000.0;1000.0;1;1;0;0;0;0;0;0;0;0
Tamazrat;1000000.0;2000.0;0;1;0;0;0;0;0;0;0;0
El Haouaria;970000.0;970.0;1;1;0;0;0;0;0;0;0;0
Kalaa El Kebira;350000.0;4706.0;0;0;0;0;1;100;1;0;0;0
Kerkouane;1410000.0;2350.0;0;1;0;0;0;0;0;0;0;0
Kerkouane;90000.0;1000.0;0;1;0;0;0;0;0;0;0;0
Tamazrat;1250000.0;2500.0;1;1;0;0;0;0;0;0;0;0
Hammam Jebli;1690000.0;1300.0;0;1;0;0;0;0;0;0;0;0
Metlaoui;3500000.0;5000000.0;0;0;0;1;0;0;0;0;0;0
Ezzahra;795000.0;5302.0;0;1;0;0;0;0;0;0;0;0
Oued Laya;580000.0;163842.0;0;0;1;0;0;0;0;0;0;0
Jebel El Oust;950000.0;100000.0;0;0;0;0;0;1100;1;1;0;0
Akouda;100800.0;336.0;0;1;0;0;0;0;0;0;0;0
Chatt Meriem;1170000.0;9000.0;0;0;0;0;0;0;0;0;0;0
Kalaa El Kebira;410000.0;20000.0;0;0;0;0;0;0;1;0;0;0
Ezzahra;180000.0;10000.0;1;1;0;0;0;0;0;0;0;0
El Haouaria;63000.0;1000.0;1;1;0;0;0;0;0;0;0;0
Tamazrat;1750000.0;3500.0;1;1;0;0;0;0;0;0;0;0
Ezzahra;840000.0;560.0;0;1;0;0;0;0;0;0;0;0
Kerkouane;1980000.0;3300.0;0;1;0;0;0;0;0;0;0;0
Dar Allouche;792000.0;990.0;0;1;0;0;0;0;0;0;0;0
Kerkouane;90000.0;1000.0;1;1;0;0;0;0;0;0;0;0
Borj Touil;500000.0;15.0;0;0;0;0;0;0;0;0;0;1
Hammam El Gheza;180000.0;10000.0;1;1;0;0;0;0;0;0;0;0
Dar Allouche;63000.0;1000.0;1;1;0;0;0;0;0;0;0;0
Hammam Jebli;1179100.0;907.0;0;1;0;0;0;0;0;0;0;0
Kalaa El Kebira;160000.0;4472.0;0;1;0;1;0;40;1;0;0;0
Ezzahra;967500.0;645.0;1;1;0;0;0;0;0;0;0;0
Kelibia;63000.0;1000.0;0;1;0;0;0;0;0;0;0;0
Kerkouane;1260000.0;2100.0;1;1;0;0;0;0;0;0;0;0
Cite Chragui;510000.0;800.0;0;0;0;0;0;0;0;0;0;0
Kelibia;1735000.0;694.0;1;1;0;0;0;0;0;0;0;0
Chatt Meriem;90000.0;2400.0;0;0;0;0;0;0;1;0;0;0
Hammam Jebli;1586000.0;1220.0;0;1;0;0;0;0;0;0;0;0
Tamazrat;1000000.0;2000.0;0;1;0;0;0;0;0;0;0;0
Kalaa El Kebira;1500000.0;5000.0;0;0;0;0;0;0;1;0;0;1
Somaa;250000.0;7000.0;0;0;0;0;0;0;0;0;0;1
Barraket Essahe;120000.0;1000.0;0;0;0;0;0;0;0;0;0;0
Feriana;450000.0;90000.0;0;0;0;0;0;1000;1;0;0;0
Hammamet;75000.0;5000.0;0;0;1;1;0;0;0;0;0;0
Hammam El Gheza;63000.0;1000.0;0;1;0;0;0;0;0;0;0;0
Ezzahra;90000.0;1000.0;0;1;0;0;0;0;0;0;0;0
Ezzahra;795000.0;530.0;0;1;0;0;0;0;0;0;0;0
Hammam El Gheza;1819000.0;1070.0;1;1;0;0;0;0;0;0;0;0
Kelibia;2132500.0;853.0;1;1;0;0;0;0;0;0;0;0
Esslouguia;100000.0;20000.0;0;0;0;0;0;0;0;0;0;0
Ferjoun;160000.0;150020000.0;0;0;0;0;0;0;0;0;0;0
Chatt Meriem;442530.0;1640.0;0;0;0;0;0;0;0;0;0;0
Chatt Meriem;333370.0;1961.0;0;0;0;0;0;0;0;0;0;0
Mejez El Bab;75000.0;5830.0;0;0;0;0;0;24;1;0;0;0
Korba;1200000.0;100000.0;0;0;0;0;0;0;1;1;1;0
Kalaa Essghira;550000.0;7890.0;0;0;0;0;0;0;0;0;0;0
Hammamet;75000.0;426.0;0;0;1;0;0;0;0;0;0;0
Sidi Thabet;1700000.0;20000.0;0;0;0;0;0;0;0;0;1;0
Bir Mcherga;400000.0;90000.0;0;0;0;0;0;0;0;0;0;0
Bir Drassen;2500000.0;100000.0;0;0;1;0;0;0;2;0;1;0
Hammam Jebli;1179100.0;907.0;1;1;0;0;0;0;0;0;0;0
Chatt Meriem;375000.0;2500.0;0;0;0;0;0;0;0;0;0;0
Chatt Meriem;724920.0;2589.0;0;0;0;0;0;0;0;0;0;0
Ezzahra;967500.0;645.0;0;1;0;0;0;0;0;0;0;0
Kelibia;90000.0;3332.0;0;0;0;0;0;0;0;0;0;0
Hammam El Gheza;63000.0;1000.0;0;1;0;0;0;0;0;0;0;0
Kerkouane;90000.0;1000.0;0;1;0;0;0;0;0;0;0;0
Essalloum;300000.0;3000.0;1;0;0;0;0;0;0;0;0;0
Enfidha;390000.0;180000.0;0;0;0;0;0;0;0;0;0;0
Methalithe;490000.0;100000.0;0;0;0;0;0;0;0;0;0;0
Tamazrat;1000000.0;2000.0;1;1;0;0;0;0;0;0;0;0
Hammam Jebli;1586000.0;1220.0;1;1;0;0;0;0;0;0;0;0
Kerkouane;63000.0;1000.0;0;1;0;0;0;0;0;0;0;0
Kerkouane;960000.0;1600.0;0;1;0;0;0;0;0;0;0;0
Dar Allouche;920000.0;1150.0;0;1;0;0;0;0;0;0;0;0
Kelibia;1950000.0;780.0;1;1;0;0;0;0;0;0;0;0
Hammam El Gheza;180000.0;10000.0;0;1;0;0;0;0;0;0;0;0
Chatt Meriem;438520.0;1154.0;0;0;0;0;0;0;0;0;0;0
Chatt Meriem;260000.0;4300.0;0;0;0;0;0;40;1;0;1;0
Hammam Jebli;1690000.0;1300.0;1;1;0;0;0;0;0;0;0;0
El Kantaoui;390500.0;781.0;0;0;0;0;0;0;0;0;0;0
Korba;1250000.0;810000.0;0;0;0;0;0;50;1;0;1;0
Menzel Bouzelfa;450000.0;220000.0;0;0;0;1;0;860;0;0;0;0
Korba;700000.0;70000.0;0;0;0;0;0;500;1;0;0;0
Chatt Meriem;600000.0;2000.0;0;0;0;0;0;0;0;0;0;0
Le Kef;160000.0;160000.0;0;0;0;0;0;0;0;0;0;0
Dar Allouche;730400.0;913.0;1;1;0;0;0;0;0;0;0;0
Kelibia;2132500.0;853.0;1;1;0;0;0;0;0;0;0;0
Chatt Meriem;1195000.0;23900.0;0;0;0;0;0;0;1;0;0;0
Bou Achir;450000.0;450.0;0;0;0;0;0;0;0;0;0;1
Chatt Meriem;164700.0;2353.0;0;0;0;0;0;0;0;0;0;0
Kalaa El Kebira;450000.0;7520.0;0;0;0;0;1;100;1;0;0;0
Rtiba;460000.0;220.0;0;0;0;0;1;0;0;0;0;0
Kalaa El Kebira;650000.0;30350.0;0;0;0;0;1;300;1;0;0;0
Dar Allouche;792000.0;990.0;0;1;0;0;0;0;0;0;0;0
Kelibia;90000.0;1000.0;1;1;0;0;0;0;0;0;0;0
Hammam El Gheza;180000.0;10000.0;1;1;0;0;0;0;0;0;0;0
El Haouaria;970000.0;970.0;1;1;0;0;0;0;0;0;0;0
Kalaa El Kebira;400000.0;11000.0;0;0;0;0;1;0;1;0;0;0
Dar Allouche;672000.0;840.0;1;1;0;0;0;0;0;0;0;0
Kelibia;1735000.0;694.0;1;1;0;0;0;0;0;0;0;0
Tamazrat;1500000.0;3000.0;0;1;0;0;0;0;0;0;0;0
Menzel Bouzelfa;600000.0;240000.0;0;0;0;0;0;750;0;0;0;0
Ezzahra;967500.0;645.0;1;1;0;0;0;0;0;0;0;0
Hammamet;225000.0;225.0;0;0;0;0;0;0;0;0;0;0
Ezzahra;180000.0;10000.0;1;1;0;0;0;0;0;0;0;0
Dar Allouche;63000.0;1000.0;0;1;0;0;0;0;0;0;0;0
Echabiba;1750000.0;2500000.0;0;0;0;1;0;0;0;0;0;0
Dar Allouche;920000.0;1150.0;0;1;0;0;0;0;0;0;0;0
Hammam Jebli;1586000.0;1220.0;1;1;0;0;0;0;0;0;0;0
Ezzahra;63000.0;1000.0;0;1;0;0;0;0;0;0;0;0
Somaa;90000.0;3000.0;0;0;0;0;0;0;1;0;0;0
Kelibia;90000.0;1000.0;1;1;0;0;0;0;0;0;0;0
Hammam Jebli;1690000.0;1300.0;1;1;0;0;0;0;0;0;0;0
Hammam El Gheza;1819000.0;1070.0;1;1;0;0;0;0;0;0;0;0
Hammam El Gheza;63000.0;1000.0;0;1;0;0;0;0;0;0;0;0
Mornag;1650000.0;80000.0;0;0;0;0;1;0;0;0;0;0
Bir Mcherga Gar;1750000.0;320000.0;0;0;0;0;0;0;0;0;1;1
Zaghouan;650000.0;250000.0;0;0;0;0;0;0;0;0;1;1
Hammam El Gheza;1411000.0;830.0;0;1;0;0;0;0;0;0;0;0
Kelibia;1950000.0;780.0;0;1;0;0;0;0;0;0;0;0
Dar Allouche;63000.0;1000.0;0;1;0;0;0;0;0;0;0;0
Chatt Meriem;197400.0;705.0;0;0;0;0;0;0;0;0;0;0
Kalaa El Kebira;320000.0;16000.0;0;0;0;0;0;100;0;0;0;0
Sidi Bou Ali;3500000.0;60000.0;0;0;0;0;0;0;0;0;0;0
Kalaa El Kebira;329550.0;25352.0;0;1;0;0;0;26;1;0;0;0
Chatt Meriem;122000.0;1931.0;0;0;0;1;0;0;0;0;0;0
Chatt Meriem;64000.0;2912.0;0;0;0;0;0;0;0;0;0;0
Hammamet;125000.0;10000.0;0;0;1;1;0;0;0;0;0;1
Chatt Meriem;170000.0;1124.0;0;1;0;0;0;0;0;0;0;0
Chatt Meriem;579360.0;3621.0;0;0;0;0;0;0;0;0;0;0
Hammam El Gheza;90000.0;1000.0;0;1;0;0;0;0;0;0;0;0
Hammam Jebli;1690000.0;1300.0;0;1;0;0;0;0;0;0;0;0
Hammam El Gheza;63000.0;1000.0;0;1;0;0;0;0;0;0;0;0
Kelibia;90000.0;1000.0;1;1;0;0;0;0;0;0;0;0
Dar Allouche;730400.0;913.0;1;1;0;0;0;0;0;0;0;0
El Marja;1200000.0;290002.0;0;1;0;0;0;0;0;0;1;0
El Araydhia;280000.0;4680.0;0;1;0;0;0;42;1;0;0;0
Chatt Meriem;290000.0;604.0;0;1;0;0;1;0;0;0;0;0
Chatt Meriem;137000.0;1527.0;0;0;0;0;0;0;0;0;0;0
Testour;26000.0;1370000.0;0;0;0;0;0;0;0;0;1;0
Dar Allouche;800000.0;2500.0;0;0;0;0;0;0;0;0;0;0
Kalaa El Kebira;329550.0;25352.0;0;1;0;0;0;26;1;0;0;0
Enfidha;1500000.0;47500.0;0;0;0;0;0;0;0;0;1;0
El Haouaria;63000.0;1000.0;0;1;0;0;0;0;0;0;0;0
Hammam El Gheza;180000.0;10000.0;0;1;0;0;0;0;0;0;0;0
Tamazrat;1500000.0;3000.0;0;1;0;0;0;0;0;0;0;0
Bir Drassen;250000.0;85.0;0;0;0;0;0;0;0;0;0;1
Sidi Bou Ali;450000.0;60000.0;0;1;0;0;0;900;1;0;1;0
Hammam El Gheza;1020000.0;600.0;1;1;0;0;0;0;0;0;0;0
Dar Allouche;672000.0;840.0;1;1;0;0;0;0;0;0;0;0
Kerkouane;90000.0;1000.0;1;1;0;0;0;0;0;0;0;0
Kelibia;1735000.0;694.0;0;1;0;0;0;0;0;0;0;0
Chatt Meriem;1179000.0;3930.0;0;1;0;0;0;0;0;0;0;0
Mornaguia 20 Ma;500000.0;180002.0;0;0;0;0;0;0;0;0;0;0
Tamazrat;1000000.0;2000.0;0;1;0;0;0;0;0;0;0;0
Kelibia;90000.0;1000.0;1;1;0;0;0;0;0;0;0;0
Dar Allouche;920000.0;1150.0;1;1;0;0;0;0;0;0;0;0
Chatt Meriem;608000.0;6080.0;0;0;0;0;0;0;0;0;0;0
Ezzahra;63000.0;1000.0;1;1;0;0;0;0;0;0;0;0
El Haouaria;970000.0;1970.0;0;1;0;0;0;0;0;0;0;0
Chatt Meriem;331750.0;1327.0;0;0;0;0;0;0;0;0;0;0
Hammam Jebli;1690000.0;1300.0;0;1;0;0;0;0;0;0;0;0
Ezzahra;795000.0;530.0;1;1;0;0;0;0;0;0;0;0
Ezzahra;795000.0;530.0;1;1;0;0;0;0;0;0;0;0
Ezzahra;90000.0;1000.0;1;1;0;0;0;0;0;0;0;0
Hammam El Gheza;63000.0;1000.0;0;1;0;0;0;0;0;0;0;0
Dar Allouche;730400.0;913.0;1;1;0;0;0;0;0;0;0;0
Chatt Meriem;509600.0;1317.0;0;0;0;0;0;0;0;0;0;1
Ezzahra;1470000.0;980.0;1;1;0;0;0;0;0;0;0;0
Hammam El Gheza;1266500.0;745.0;1;1;0;0;0;0;0;0;0;0
Dar Allouche;180000.0;10000.0;0;0;0;0;0;0;0;0;0;0
Tamazrat;90000.0;1000.0;0;1;0;0;0;0;0;0;0;0
Ezzahra;180000.0;10000.0;0;0;0;0;0;0;0;0;0;0
Hammam Jebli;1144000.0;880.0;0;1;0;0;0;0;0;0;0;0
Hammam El Gheza;180000.0;10000.0;0;1;0;0;0;0;0;0;0;0
Hammam El Gheza;180000.0;10000.0;0;1;0;0;0;0;0;0;0;0
Hammam Jebli;90000.0;1000.0;0;1;0;0;0;0;0;0;0;0
El Haouaria;818000.0;818.0;1;1;0;0;0;0;0;0;0;0
Dar Allouche;672000.0;840.0;1;1;0;0;0;0;0;0;0;0
Kerkouane;1260000.0;694.0;1;1;0;0;0;0;0;0;0;0
Hammam El Gheza;180000.0;1000.0;0;1;0;0;0;0;0;0;0;0
Kerkouane;180000.0;10000.0;0;1;0;0;0;0;0;0;0;0
Ezzahra;180000.0;10000.0;1;1;0;0;0;0;0;0;0;0
Ezzahra;90000.0;1000.0;1;1;0;0;0;0;0;0;0;0
Ezzahra;180000.0;10000.0;1;1;0;0;0;0;0;0;0;0
El Haouaria;1073000.0;1073.0;1;1;0;0;0;0;0;0;0;0
Dar Allouche;920000.0;1150.0;1;1;0;0;0;0;0;0;0;0
Ezzahra;63000.0;1000.0;1;1;0;0;0;0;0;0;0;0
Chatt Meriem;161000.0;2300.0;0;1;0;0;0;0;1;0;0;0
Kerkouane;960000.0;1600.0;1;1;0;0;0;0;0;0;0;0
Kerkouane;960000.0;1600.0;1;1;0;0;0;0;0;0;0;0
Kerkouane;960000.0;1600.0;1;1;0;0;0;0;0;0;0;0
Kelibia;1950000.0;780.0;1;1;0;0;0;0;0;0;0;0
Kerkouane;63000.0;1000.0;0;1;0;0;0;0;0;0;0;0
Ezzahra;1155000.0;770.0;0;1;0;0;0;0;0;0;0;0
Hammam El Gheza;180000.0;10000.0;0;1;0;0;0;0;0;0;0;0
Hammam El Gheza;1411000.0;830.0;0;1;0;0;0;0;0;0;0;0
Hammam El Gheza;180000.0;10000.0;1;1;0;0;0;0;0;0;0;0
Mejez El Bab;35000.0;400000.0;0;0;0;0;0;0;0;0;0;0
El Haouaria;970000.0;970.0;1;1;0;0;0;0;0;0;0;0
Dar Allouche;730400.0;913.0;1;1;0;0;0;0;0;0;0;0
Kerkouane;1410000.0;2350.0;1;1;0;0;0;0;0;0;0;0
Dar Allouche;90000.0;1000.0;1;1;0;0;0;0;0;0;0;0
Hammam Jebli;1690000.0;1300.0;0;1;0;0;0;0;0;0;0;0
Ezzahra;180000.0;1.0;0;1;0;0;0;0;0;0;0;0
Mornaguia;550000.0;50.0;0;0;0;0;0;0;0;0;0;0
Hergla;134500.0;269.0;0;0;0;0;0;0;0;0;0;0
Mellita Djerba;400000.0;41002.0;0;0;0;0;0;0;0;0;0;0
El Mhedhba;420000.0;845.0;0;0;0;0;0;0;1;0;1;0
Bou Ali;270000.0;391.0;0;0;0;0;0;0;0;0;0;1
El Haouaria;63000.0;1000.0;0;1;0;0;0;0;0;0;0;0
Tamazrat;1750000.0;3500.0;0;1;0;0;0;0;0;0;0;0
Chatt Meriem;222000.0;740.0;0;0;0;0;0;0;0;0;0;0
Dar Allouche;792000.0;990.0;1;1;0;0;0;0;0;0;0;0
Hammam El Gheza;180000.0;10000.0;1;1;0;0;0;0;0;0;0;0
Dar Allouche;63000.0;1000.0;1;1;0;0;0;0;0;0;0;0
Tamazrat;1500000.0;3000.0;0;1;0;0;0;0;0;0;0;0
Kalaa El Kebira;90000.0;2879.0;0;0;0;0;1;0;0;0;0;0
Dar Allouche;672000.0;840.0;1;1;0;0;0;0;0;0;0;0
Ezzahra;180000.0;10000.0;1;1;0;0;0;0;0;0;0;0
Sidi Bou Ali;180000.0;7630.0;0;1;0;0;0;50;1;0;0;0
Tamazrat;1000000.0;2000.0;0;1;0;0;0;0;0;0;0;0
Hammam Sousse G;312000.0;2600.0;0;0;0;0;0;0;0;0;0;0
Kelibia;180000.0;0.0;0;1;0;0;0;0;0;0;0;0
Ezzahra;1155000.0;770.0;0;1;0;0;0;0;0;0;0;0
Hammam El Gheza;1411000.0;830.0;0;1;0;0;0;0;0;0;0;0
Hammam Jebli;63000.0;1000.0;0;1;0;0;0;0;0;0;0;0
Echabiba;700000.0;170000.0;0;0;0;0;0;5000;1;0;1;0
Kelibia;1950000.0;780.0;0;1;0;0;0;0;0;0;0;0
Dar Allouche;180000.0;0.0;0;1;0;0;0;0;0;0;0;0
Hammam Jebli;63000.0;1000.0;1;1;0;0;0;0;0;0;0;0
Tamazrat;1250000.0;2500.0;1;1;0;0;0;0;0;0;0;0
Hammam Jebli;1690000.0;1300.0;1;1;0;0;0;0;0;0;0;0
Ezzahra;90000.0;1000.0;1;1;0;0;0;0;0;0;0;0
Ezzahra;90000.0;1000.0;1;1;0;0;0;0;0;0;0;0
Kasserine;187000.0;120000.0;0;0;0;0;0;820;0;0;0;0
Dar Allouche;730400.0;913.0;1;1;0;0;0;0;0;0;0;0
Dar Allouche;730400.0;913.0;1;1;0;0;0;0;0;0;0;0
Hammam El Gheza;90000.0;1000.0;0;1;0;0;0;0;0;0;0;0
Ezzahra;180000.0;180.0;0;1;0;0;0;0;0;0;0;0
El Frada;360000.0;12.0;0;0;1;0;1;0;0;0;0;0
Hammam El Gheza;315000.0;10000.0;1;1;0;0;0;0;0;0;0;0
Tamazrat;90000.0;1000.0;0;1;0;0;0;0;0;0;0;0
Tamazrat;1750000.0;3500.0;0;1;0;0;0;0;0;0;0;0
Hammam El Gheza;1725500.0;1015.0;1;1;0;0;0;0;0;0;0;0
El Haouaria;2020000.0;2020.0;1;1;0;0;0;0;0;0;0;0
Ezzahra;315000.0;10000.0;1;1;0;0;0;0;0;0;0;0
Ezzahra;967500.0;645.0;1;1;0;0;0;0;0;0;0;0
Ezzahra;967500.0;645.0;1;1;0;0;0;0;0;0;0;0
Ezzahra;967500.0;645.0;1;1;0;0;0;0;0;0;0;0
Kerkouane;1260000.0;2100.0;1;1;0;0;0;0;0;0;0;0
Tamazrat;1000000.0;2000.0;0;1;0;0;0;0;0;0;0;0
Kerkouane;63000.0;1000.0;0;1;0;0;0;0;0;0;0;0
Hammam El Gheza;1411000.0;830.0;1;1;0;0;0;0;0;0;0;0
Dar Allouche;63000.0;1000.0;1;1;0;0;0;0;0;0;0;0
Dar Allouche;63000.0;1000.0;1;1;0;0;0;0;0;0;0;0
El Haouaria;2020000.0;2020.0;0;1;0;0;0;0;0;0;0;0
El Haouaria;2020000.0;2020.0;0;1;0;0;0;0;0;0;0;0
Hammam El Gheza;315000.0;10000.0;0;1;0;0;0;0;0;0;0;0
Hammam El Gheza;315000.0;10000.0;0;1;0;0;0;0;0;0;0;0
Kelibia;90000.0;1000.0;1;1;0;0;0;0;0;0;0;0
Tamazrat;1250000.0;2500.0;0;1;0;0;0;0;0;0;0;0
Hammam Jebli;1690000.0;1300.0;1;1;0;0;0;0;0;0;0;0
Hammam El Gheza;1819000.0;1070.0;1;1;0;0;0;0;0;0;0;0
Kelibia;2132500.0;853.0;1;1;0;0;0;0;0;0;0;0
Kalaa El Kebira;784000.0;2800.0;0;0;0;0;0;0;0;0;0;0
Chatt Meriem;850000.0;300.0;0;0;1;0;1;0;0;0;0;0
Hammam Sousse G;120000.0;400.0;0;0;0;0;0;0;0;0;0;0
La Mannouba;140000.0;4000.0;0;1;0;0;0;0;0;0;0;0
Borj El Amri;130000.0;14480.0;0;1;0;0;0;0;0;0;0;0
Sidi Thabet;2000000.0;60970.0;0;0;0;0;0;0;0;0;0;1
Bou Lazhar;55000.0;50000.0;0;0;0;0;0;0;0;0;0;0
Mellita Djerba;320000.0;4237.0;0;1;0;0;0;0;0;0;0;0
Bir Ben Ayed;9999.0;230.0;0;0;0;0;0;440;1;0;0;0
Mornag;2175000.0;870000.0;0;1;0;0;0;0;0;0;0;0
Hammamet;148400.0;212.0;0;0;0;0;0;0;0;0;0;0
Bou Arada;550000.0;3250000.0;0;1;0;0;0;1000;0;0;0;0
Jama;195000.0;60000.0;0;1;0;0;0;0;0;0;0;0
Kelibia;100000.0;250.0;1;0;0;0;0;0;0;0;0;0
Chatt Meriem;404250.0;38502.0;0;0;0;0;0;44;1;0;0;0
Cherifate;750000.0;35000.0;0;0;0;0;0;0;0;1;1;0
Zaghouan;2750000.0;14450000.0;0;0;0;0;0;2100;1;1;0;0
Cherifate;320000.0;2200.0;0;0;0;0;0;65;1;0;1;0
Tombar;360000.0;20000.0;0;0;1;0;0;0;0;0;0;0
Mornag;850000.0;660000.0;0;0;0;0;0;0;0;0;1;0
Dar Allouche;48500.0;220.0;1;0;0;0;0;0;0;0;0;0
Oued Ellil;120000.0;10002.0;0;0;0;0;0;0;0;0;0;0
Sidi Aich;1800000.0;600000.0;0;0;0;0;0;0;0;0;0;0
Chatt Meriem;330000.0;33002.0;0;0;1;0;0;40;1;0;0;0
Ghardaya;110000.0;30002.0;0;0;0;0;0;21;1;0;0;0
Chatt Meriem;900000.0;200.0;0;0;0;1;0;0;0;0;0;0
Jeradou;575000.0;250000.0;0;0;0;0;0;0;0;0;0;0
Methline;180000.0;250000.0;0;0;0;0;0;0;0;0;0;0
Mornag;2600000.0;200000.0;0;0;0;0;1;0;0;0;1;0
Kalaa El Kebira;365000.0;8860.0;0;0;0;0;1;0;0;0;0;0
Mateur;900000.0;100000.0;0;0;0;0;0;0;0;0;0;0
Kairouan;600000.0;60000.0;0;0;0;0;0;0;0;0;0;0
Borj Hafaiedh;100000.0;11502.0;0;0;1;1;0;0;0;0;0;0
Mornag;230000.0;2300.0;0;0;0;0;0;0;0;0;0;0
Chaouat;690360.0;50000.0;0;0;0;0;0;0;0;0;1;0
El Kedoua;145000.0;60002.0;0;0;1;0;0;0;0;1;0;0
El Kedoua;250000.0;40002.0;0;1;1;0;0;180;0;0;1;0
Kelibia;250000.0;100.0;0;1;0;0;0;148;0;0;1;0
Beni Khalled;380000.0;380.0;0;0;0;0;0;0;0;0;0;0
Dar Chichou;60000.0;3000.0;0;1;0;0;0;0;0;0;0;0
Chatt Meriem;120000.0;1100.0;0;0;0;0;0;0;0;0;0;0
Cite Jadida;430000.0;876.0;0;0;0;0;0;0;0;0;0;0
Bousehem;300000.0;19570.0;0;0;0;0;0;0;3;0;0;0
Ezzahra;180000.0;10000.0;0;1;0;0;0;0;0;0;0;0
Dar Allouche;63000.0;1000.0;0;1;0;0;0;0;0;0;0;0
Ezzahra;63000.0;1000.0;0;1;0;0;0;0;0;0;0;0
Hammam El Gheza;63000.0;1000.0;0;1;1;0;0;0;0;0;0;0
Hammam El Gheza;63000.0;1000.0;1;1;0;0;0;0;0;0;0;0
Hammam El Gheza;63000.0;1000.0;0;1;0;0;0;0;0;0;0;0
Ezzahra;63000.0;1000.0;1;1;0;0;0;0;0;0;0;0
Hammam El Gheza;63000.0;1000.0;0;1;0;0;0;0;0;0;0;0
Hammam Jebli;63000.0;1000.0;0;1;0;0;0;0;0;0;0;0
Cite Route Chou;400000.0;40000.0;0;0;0;0;0;0;0;0;0;0
Korba;1200000.0;800.0;0;0;0;0;0;0;0;1;1;0
Chatt Meriem;736000.0;4600.0;0;0;0;0;0;0;0;0;0;0
Menzel Bouzelfa;230000.0;7500.0;0;0;0;0;0;0;0;0;0;0
Hammam El Gheza;63000.0;1000.0;1;1;0;0;0;0;0;0;0;0
Beni Khira;450000.0;6000.0;0;0;0;1;0;0;0;0;0;0
Zaghouan;1400000.0;530000.0;0;0;1;1;0;0;0;0;0;0
Kerkouane;110000.0;4500.0;0;1;0;0;0;29;1;0;0;0
Ezzahra;63000.0;1000.0;0;0;0;0;0;0;0;0;0;0
Hammamet;252000.0;280.0;0;0;1;0;0;0;0;0;0;0
El Haouaria;80000.0;14942.0;0;0;0;0;0;0;0;0;1;0
Khelidia;850000.0;100000.0;0;0;0;0;0;700;1;0;0;0
Chatt Meriem;210000.0;700.0;0;0;0;0;0;0;0;0;0;0
Hammam El Gheza;90000.0;1000.0;0;1;0;0;0;0;0;0;0;0
Hammam Jebli;63000.0;1000.0;0;1;0;0;0;0;0;0;0;0
Dar Allouche;63000.0;1000.0;0;1;0;0;0;0;0;0;0;0
Dar Allouche;672000.0;840.0;0;1;0;0;0;0;0;0;0;0
Beni Khiar;862500.0;7502.0;1;1;0;0;0;0;0;0;0;0
Damous;330000.0;2000.0;0;0;0;0;0;150;1;1;1;0
Somaa;900000.0;4283.0;0;0;0;0;0;0;0;0;1;0
Hammam El Gheza;63000.0;1000.0;1;1;0;0;0;0;0;0;0;0
Ezzahra;315000.0;10000.0;1;1;0;0;0;0;0;0;0;0
Tamazrat;1000000.0;20000.0;1;1;0;0;0;0;0;0;0;0
Hammam Jebli;1586000.0;1220.0;1;1;0;0;0;0;0;0;0;0
Ezzahra;1155000.0;770.0;1;1;0;0;0;0;0;0;0;0
Hammam El Gheza;1411000.0;830.0;0;1;0;0;0;0;0;0;0;0
Mornag;556000.0;2224.0;0;0;0;0;0;0;0;0;0;0
El Haouaria;2020000.0;2020.0;1;1;0;0;0;0;0;0;0;0
Kelibia;63000.0;1000.0;1;1;0;0;0;0;0;0;0;0
Ezzahra;795000.0;530.0;1;1;0;0;0;0;0;0;0;0
Hammam El Gheza;1819000.0;1070.0;1;1;0;0;0;0;0;0;0;0
Kerkouane;1410000.0;2350.0;0;1;0;0;0;0;0;0;0;0
Jabbes;213000.0;4262.0;0;0;0;0;1;0;0;0;0;0
Kelibia;2132500.0;853.0;0;1;0;0;0;0;0;0;0;0
Zaghouan;150000.0;3490.0;0;0;0;0;0;200;1;0;0;0
Hammam El Gheza;1266500.0;745.0;1;1;0;0;0;0;0;0;0;0
El Haouaria;63000.0;1000.0;0;1;0;0;0;0;0;0;0;0
Ezzahra;315000.0;10000.0;1;1;0;0;0;0;0;0;0;0
Kerkouane;90000.0;1000.0;0;1;0;0;0;0;0;0;0;0
El Haouaria;2020000.0;2020.0;1;1;0;0;0;0;0;0;0;0
Grombalia;430000.0;20000.0;0;0;0;0;0;0;0;0;0;0
Kelibia;210000.0;1000.0;0;0;0;0;0;0;1;0;0;0
Kerkouane;63000.0;1000.0;0;1;0;0;0;0;0;0;0;0
Dar Allouche;2362500.0;990.0;0;1;0;0;0;0;0;0;0;0
Hammam El Gheza;1725500.0;1015.0;1;1;0;0;0;0;0;0;0;0
Kelibia;2362500.0;945.0;0;1;0;0;0;0;0;0;0;0
Menzel Temime;850000.0;300.0;0;1;0;0;0;150;0;0;1;0
Kerkouane;1260000.0;2100.0;0;1;0;0;0;0;0;0;0;0
Ezzahra;63000.0;1000.0;0;1;0;0;0;0;0;0;0;0
Hammam Jebli;200000.0;1000.0;0;1;0;0;0;0;0;0;0;0
Hammam El Gheza;63000.0;1000.0;0;1;0;0;0;0;0;0;0;0
Kelibia;1735000.0;694.0;0;1;0;0;0;0;0;0;0;0
Hammam Jebli;90000.0;1000.0;0;1;0;0;0;0;0;0;0;0
Hammam El Gheza;63000.0;1000.0;1;1;0;0;0;0;0;0;0;0
Kerkouane;960000.0;1600.0;1;1;0;0;0;0;0;0;0;0
Dar Allouche;63000.0;1000.0;1;1;0;0;0;0;0;0;0;0
Dar Allouche;920000.0;1150.0;0;1;0;0;0;0;0;0;0;0
Dar Allouche;63000.0;1000.0;1;1;0;0;0;0;0;0;0;0
Sidi Bou Ali;280000.0;7000.0;0;1;0;0;0;0;1;0;0;0
Hammam El Gheza;1411000.0;830.0;1;1;0;0;0;0;0;0;0;0
Kelibia;900000.0;320000.0;1;0;0;0;0;0;0;0;0;0
Hammam El Gheza;63000.0;1000.0;0;1;0;0;0;0;0;0;0;0
Hammam El Gheza;315000.0;10000.0;0;1;0;0;0;0;0;0;0;0
Kelibia;90000.0;1000.0;1;1;0;0;0;0;0;0;0;0
Hammam Jebli;63000.0;1000.0;1;1;0;0;0;0;0;0;0;0
Kerkouane;1410000.0;2350.0;1;1;0;0;0;0;0;0;0;0
Sidi Thabet;1400000.0;30000.0;0;0;1;1;0;0;0;0;1;1
Dar Allouche;730400.0;913.0;0;1;0;0;0;0;0;0;0;0
Hammam El Gheza;90000.0;1000.0;1;1;0;0;0;0;0;0;0;0
Ezzahra;795000.0;530.0;0;1;0;0;0;0;0;0;0;0
Hammam El Gheza;1819000.0;1070.0;0;1;0;0;0;0;0;0;0;0
Menzel Bouzelfa;180000.0;180.0;0;0;0;0;0;0;0;0;0;0
Menzel Bouzelfa;220000.0;220.0;0;0;0;0;0;0;0;0;0;0
Ouled Amor;290500.0;2905.0;0;1;0;0;0;0;0;0;0;1
El Haouaria;1900000.0;1900.0;1;1;0;0;0;0;0;0;0;0
Ezzahra;1470000.0;980.0;0;1;0;0;0;0;0;0;0;0
Tamazrat;90000.0;1000.0;0;1;0;0;0;0;0;0;0;0
Dar Allouche;960800.0;1201.0;1;1;0;0;0;0;0;0;0;0
Tamazrat;63000.0;1000.0;0;1;0;0;0;0;0;0;0;0
El Haouaria;2020000.0;2020.0;0;1;0;0;0;0;0;0;0;0
Tamazrat;1750000.0;3500.0;0;1;0;0;0;0;0;0;0;0
Hammam Jebli;1144000.0;880.0;0;1;0;0;0;0;0;0;0;0
Hammam El Gheza;1725500.0;1015.0;1;1;0;0;0;0;0;0;0;0
Kerkouane;1980000.0;3300.0;0;1;0;0;0;0;0;0;0;0
Dar Allouche;792000.0;990.0;0;1;0;0;0;0;0;0;0;0
Kelibia;2362500.0;945.0;1;1;0;0;0;0;0;0;0;0
Chatt Meriem;112000.0;500.0;1;0;0;0;0;0;0;0;0;0
Kelibia;315000.0;10000.0;1;1;0;0;0;0;0;0;0;0
El Haouaria;818000.0;818.0;1;1;0;0;0;0;0;0;0;0
Ezzahra;90000.0;1000.0;1;1;0;0;0;0;0;0;0;0
Hammam Jebli;1179100.0;907.0;0;1;0;0;0;0;0;0;0;0
Ezzahra;967500.0;645.0;1;1;0;0;0;0;0;0;0;0
Hammam Jebli;63000.0;1000.0;0;1;0;0;0;0;0;0;0;0
Kerkouane;90000.0;1000.0;0;1;0;0;0;0;0;0;0;0
Kerkouane;1260000.0;2100.0;0;1;0;0;0;0;0;0;0;0
Kelibia;1735000.0;694.0;0;1;0;0;0;0;0;0;0;0
Menzel Bourguib;1250000.0;250000.0;0;0;0;0;0;0;0;0;0;0
Hammam El Gheza;315000.0;10000.0;1;1;0;0;0;0;0;0;0;0
Beni Khalled;280000.0;40.0;0;1;0;0;0;0;0;0;0;0
Dar Allouche;90000.0;1000.0;1;1;0;0;0;0;0;0;0;0
Cite Guichba;920000.0;100000.0;0;0;0;0;0;0;0;0;0;0
Kerkouane;960000.0;1600.0;0;1;0;0;0;0;0;0;0;0
Dar Allouche;920000.0;1150.0;0;1;0;0;0;0;0;0;0;0
Dar Allouche;63000.0;1000.0;1;1;0;0;0;0;0;0;0;0
Ezzahra;315000.0;150020000.0;1;1;0;0;0;0;0;0;0;0
El Haouaria;970000.0;970.0;0;1;0;0;0;0;0;0;0;0
Chatt Meriem;264960.0;828.0;0;0;0;0;0;0;0;0;0;0
Tamazrat;1250000.0;2500.0;0;1;0;0;0;0;0;0;0;0
Somaa;180000.0;13000.0;0;1;0;0;0;0;0;0;0;0
Somaa;350000.0;12000.0;0;1;0;0;0;50;1;0;0;0
Ezzahra;795000.0;530.0;1;1;0;0;0;0;0;0;0;0
Hammam El Gheza;1819000.0;1070.0;1;1;0;0;0;0;0;0;0;0
Kerkouane;1410000.0;2350.0;0;1;0;0;0;0;0;0;0;0
Kelibia;2132500.0;853.0;0;1;0;0;0;0;0;0;0;0
Somaa;550000.0;40000.0;0;0;0;0;0;0;1;0;0;0
Jebel Ersass;2700000.0;426402.0;0;0;0;0;0;0;0;1;1;0
Chafai;40000.0;60000.0;0;0;0;0;0;0;0;0;0;0
El Frada;480000.0;65100.0;0;0;0;0;1;2600;1;0;0;0
Ezzahra;1155000.0;770.0;0;1;0;0;0;0;0;0;0;0
Kalaa El Kebira;1375000.0;25000.0;0;0;0;0;0;0;0;0;0;0
Boucha;350000.0;12002.0;0;0;0;0;0;0;0;0;1;0
Hammam Jebli;90000.0;1000.0;0;1;0;0;0;0;0;0;0;0
Hammam Jebli;90000.0;1000.0;0;1;0;0;0;0;0;0;0;0
Ezzahra;63000.0;1000.0;1;1;0;0;0;0;0;0;0;0
Ezzahra;63000.0;1000.0;1;1;0;0;0;0;0;0;0;0
Tamazrat;1250000.0;2500.0;1;1;0;0;0;0;0;0;0;0
Tamazrat;1250000.0;2500.0;1;1;0;0;0;0;0;0;0;0
Ezzahra;90000.0;1000.0;1;1;0;0;0;0;0;0;0;0
Hammam El Gheza;1819000.0;1070.0;0;1;0;0;0;0;0;0;0;0
Hammam El Gheza;1819000.0;1070.0;0;1;0;0;0;0;0;0;0;0
Kerkouane;1410000.0;2350.0;0;1;0;0;0;0;0;0;0;0
Hammam El Gheza;90000.0;1000.0;0;1;0;0;0;0;0;0;0;0
Kelibia;2575000.0;1030.0;1;1;0;0;0;0;0;0;0;0
Ezzahra;1470000.0;980.0;0;1;0;0;0;0;0;0;0;0
Kerkouane;1980000.0;3300.0;0;1;0;0;0;0;0;0;0;0
Hammam Jebli;90000.0;1000.0;1;1;0;0;0;0;0;0;0;0
Hammam Jebli;1144000.0;880.0;0;1;0;0;0;0;0;0;0;0
Ezzahra;840000.0;560.0;1;1;0;0;0;0;0;0;0;0
Kerkouane;1260000.0;2100.0;0;1;0;0;0;0;0;0;0;0
Sidi Aich;3600000.0;3000000.0;0;0;0;0;0;0;0;0;0;0
Kelibia;1735000.0;694.0;0;1;0;0;0;0;0;0;0;0
Kelibia;90000.0;1000.0;0;1;0;0;0;0;0;0;0;0
Hammam Jebli;1179100.0;907.0;0;1;0;0;0;0;0;0;0;0
Kelibia;63000.0;1000.0;1;1;0;0;0;0;0;0;0;0
Bizerte;421440.0;3512.0;0;0;0;0;0;20;1;0;0;0
Hammam El Gheza;1020000.0;600.0;1;1;0;0;0;0;0;0;0;0
El Haouaria;1073000.0;1073.0;1;1;0;0;0;0;0;0;0;0
Kelibia;1950000.0;780.0;0;1;0;0;0;0;0;0;0;0
Tamazrat;1000000.0;2000.0;1;1;0;0;0;0;0;0;0;0
Dar Allouche;63000.0;1000.0;0;1;0;0;0;0;0;0;0;0
Ezzahra;63000.0;1000.0;0;1;0;0;0;0;0;0;0;0
Hammam El Gheza;63000.0;1000.0;0;1;0;0;0;0;0;0;0;0
Hammam El Gheza;1411000.0;830.0;1;1;0;0;0;0;0;0;0;0
Beni Khira;7000000.0;1270000.0;0;0;1;0;0;0;0;0;0;0
Hammam El Gheza;90000.0;1000.0;0;1;0;0;0;0;0;0;0;0
El Haouaria;970000.0;970.0;1;1;0;0;0;0;0;0;0;0
El Haouaria;970000.0;970.0;1;1;0;0;0;0;0;0;0;0
Hammam El Gheza;63000.0;1000.0;0;1;0;0;0;0;0;0;0;0
Kelibia;2132500.0;853.0;0;1;0;0;0;0;0;0;0;0
Kelibia;2132500.0;853.0;0;1;0;0;0;0;0;0;0;0
Tamazrat;1250000.0;2500.0;1;1;0;0;0;0;0;0;0;0
Ezzahra;795000.0;530.0;1;1;0;0;0;0;0;0;0;0
Mornag;680000.0;150000.0;0;0;1;0;0;0;0;0;1;0
Mornag;185000.0;4800.0;0;0;1;0;0;0;0;0;1;0
Hammam El Gheza;63000.0;1000.0;0;1;0;0;0;0;0;0;0;0
Hammam El Gheza;63000.0;1000.0;1;1;0;0;0;0;0;0;0;0
Cherifate;9999.0;17397.0;0;0;0;0;0;0;0;0;0;1
Sidi Salem;4680000.0;720000.0;0;1;0;0;0;0;0;1;0;0
Ezzahra;63000.0;1000.0;0;1;0;0;0;0;0;0;0;0
Hammam Jebli;1839500.0;1415.0;1;1;0;0;0;0;0;0;0;0
Hammam El Gheza;1266500.0;745.0;0;1;0;0;0;0;0;0;0;0
Kerkouane;1110000.0;1850.0;1;1;0;0;0;0;0;0;0;0
Kelibia;2575000.0;1030.0;0;1;0;0;0;0;0;0;0;0
Tamazrat;1750000.0;3500.0;0;1;0;0;0;0;0;0;0;0
Hammam El Gheza;63000.0;1000.0;0;1;0;0;0;0;0;0;0;0
Tamazrat;63000.0;1000.0;0;1;0;0;0;0;0;0;0;0
Soliman;750000.0;35000.0;0;0;0;0;0;0;0;1;1;0
Hammam Jebli;63000.0;1000.0;0;1;1;0;0;0;0;0;0;0
Hammam El Gheza;1725500.0;1015.0;0;1;0;0;0;0;0;0;0;0
Hammam Jebli;90000.0;1000.0;0;1;0;0;0;0;0;0;0;0
Hammam Jebli;63000.0;1000.0;0;1;0;0;0;0;0;0;0;0
Tamazrat;1500000.0;3000.0;1;1;0;0;0;0;0;0;0;0
Hammam Jebli;1179100.0;907.0;1;1;0;0;0;0;0;0;0;0
Kerkouane;1260000.0;2100.0;0;1;0;0;0;0;0;0;0;0
Hammam El Gheza;63000.0;1000.0;0;1;0;0;0;0;0;0;0;0
Kerkouane;63000.0;1000.0;1;1;0;0;0;0;0;0;0;0
Kerkouane;63000.0;1000.0;0;1;0;0;0;0;0;0;0;0
Ezzahra;1155000.0;770.0;0;1;0;0;0;0;0;0;0;0
Dar Allouche;90000.0;1000.0;0;1;0;0;0;0;0;0;0;0
El Fahs;1620000.0;930000.0;0;0;0;0;0;0;1;1;0;0
Kelibia;1950000.0;780.0;1;1;0;0;0;0;0;0;0;0
El Haouaria;2020000.0;2020.0;1;1;0;0;0;0;0;0;0;0
Hammam El Gheza;63000.0;1000.0;0;1;0;0;0;0;0;0;0;0
Hammam El Gheza;63000.0;1000.0;0;1;0;0;0;0;0;0;0;0
Tamazrat;1250000.0;2500.0;1;1;0;0;0;0;0;0;0;0
Hammam Jebli;1690000.0;1300.0;1;1;0;0;0;0;0;0;0;0
Hammam El Gheza;1819000.0;1070.0;1;1;0;0;0;0;0;0;0;0
Hammam El Gheza;1819000.0;1070.0;1;1;0;0;0;0;0;0;0;0
Hammam El Gheza;1819000.0;1070.0;1;1;0;0;0;0;0;0;0;0
Dar Allouche;63000.0;1000.0;0;1;0;0;0;0;0;0;0;0
El Haouaria;90000.0;1000.0;0;1;0;0;0;0;0;0;0;0
Kerkouane;1410000.0;2350.0;1;1;0;0;0;0;0;0;0;0
El Haouaria;63000.0;1000.0;0;1;0;0;0;0;0;0;0;0
Agareb;75000.0;75.0;0;0;0;0;0;280;1;0;0;0
Cap Zbib;670000.0;1600.0;0;1;0;0;0;0;0;0;0;0
Mnihla;1700000.0;8507.0;0;0;0;0;0;0;0;0;0;0
Hammam Jebli;1839500.0;1450.0;1;1;0;0;0;0;0;0;0;0
El Haouaria;90000.0;1000.0;0;1;0;0;0;0;0;0;0;0
Ezzahra;1470000.0;980.0;1;1;0;0;0;0;0;0;0;0
Hammam El Gheza;1266500.0;745.0;1;1;0;0;0;0;0;0;0;0
Kerkouane;1980000.0;3300.0;0;1;0;0;0;0;0;0;0;0
Hammam Jebli;63000.0;1000.0;0;1;0;0;0;0;0;0;0;0
Ezzahra;63000.0;1000.0;0;1;0;0;0;0;0;0;0;0
Hammam Jebli;1144000.0;880.0;1;1;0;0;0;0;0;0;0;0
Kelibia;90000.0;1000.0;0;1;0;0;0;0;0;0;0;0
Kelibia;63000.0;1000.0;0;1;0;0;0;0;0;0;0;0
Tamazrat;90000.0;1000.0;0;1;0;0;0;0;0;0;0;0
Tamazrat;90000.0;1000.0;0;1;0;0;0;0;0;0;0;0
Kerkouane;1260000.0;2100.0;1;1;0;0;0;0;0;0;0;0
Ezzahra;200000.0;1000.0;1;1;0;0;0;0;0;0;0;0
Hammam El Gheza;63000.0;1000.0;0;1;0;0;0;0;0;0;0;0
Tamazrat;1500000.0;3000.0;0;1;0;0;0;0;0;0;0;0
Hammam Jebli;1179100.0;907.0;0;1;0;0;0;0;0;0;0;0
Ezzahra;967500.0;645.0;1;1;0;0;0;0;0;0;0;0
Kalaa El Kebira;4000000.0;0.0;0;0;0;0;0;0;0;0;0;0
Sidi Bou Ali;310000.0;28702.0;0;0;0;0;0;0;0;0;0;0
Dar Allouche;63000.0;1000.0;1;1;0;0;0;0;0;0;0;0
Dar Allouche;63000.0;1000.0;1;1;0;0;0;0;0;0;0;0
Dar Allouche;920000.0;1150.0;1;1;0;0;0;0;0;0;0;0
Kelibia;1950000.0;780.0;1;1;0;0;0;0;0;0;0;0
Ezzahra;90000.0;1000.0;1;1;0;0;0;0;0;0;0;0
Ezzahra;1155000.0;770.0;1;1;0;0;0;0;0;0;0;0
Hammam El Gheza;1411000.0;830.0;1;1;0;0;0;0;0;0;0;0
Ezzahra;63000.0;1000.0;0;1;0;0;0;0;0;0;0;0
Kelibia;90000.0;1000.0;0;1;0;0;0;0;0;0;0;0
Kerkouane;1410000.0;2350.0;0;1;0;0;0;0;0;0;0;0
Kerkouane;1410000.0;2350.0;0;1;0;0;0;0;0;0;0;0
Kelibia;63000.0;1000.0;0;1;0;0;0;0;0;0;0;0
Kelibia;2132500.0;853.0;0;1;0;0;0;0;0;0;0;0
Tamazrat;1250000.0;2500.0;1;1;0;0;0;0;0;0;0;0
Hammam Jebli;1690000.0;1300.0;1;1;0;0;0;0;0;0;0;0
Ezzahra;795000.0;530.0;1;1;0;0;0;0;0;0;0;0
Tebourba;280000.0;180000.0;0;0;0;0;0;0;0;0;0;0
Bir Bouregba;980000.0;79.0;0;0;0;0;0;0;0;0;0;0
Hammam El Gheza;63000.0;1000.0;0;1;0;0;0;0;0;0;0;0
Hammam El Gheza;63000.0;1000.0;0;1;0;0;0;0;0;0;0;0
Hammam Jebli;90000.0;1000.0;0;1;0;0;0;0;0;0;0;0
Hammam Jebli;90000.0;1000.0;0;1;0;0;0;0;0;0;0;0
Tamazrat;1750000.0;3500.0;0;1;0;0;0;0;0;0;0;0
Ezzahra;840000.0;560.0;1;1;0;0;0;0;0;0;0;0
Dar Allouche;792000.0;990.0;0;1;0;0;0;0;0;0;0;0
El Haouaria;818000.0;818.0;0;1;0;0;0;0;0;0;0;0
Ezzahra;90000.0;1000.0;1;1;0;0;0;0;0;0;0;0
Kerkouane;90000.0;1000.0;0;1;0;0;0;0;0;0;0;0
Ezzahra;967500.0;645.0;1;1;0;0;0;0;0;0;0;0
Hammam El Gheza;1020000.0;600.0;1;1;0;0;0;0;0;0;0;0
Kerkouane;1260000.0;2100.0;0;1;0;0;0;0;0;0;0;0
Kelibia;1735000.0;694.0;0;1;0;0;0;0;0;0;0;0
Kelibia;1735000.0;694.0;0;1;0;0;0;0;0;0;0;0
Dar Allouche;63000.0;1000.0;0;1;0;0;0;0;0;0;0;0
Ezzahra;63000.0;1000.0;1;1;0;0;0;0;0;0;0;0
Hammam El Gheza;1411000.0;830.0;1;1;0;0;0;0;0;0;0;0
Kerkouane;960000.0;1600.0;1;1;0;0;0;0;0;0;0;0
Ezzahra;63000.0;1000.0;1;1;0;0;0;0;0;0;0;0
El Haouaria;970000.0;970.0;1;1;0;0;0;0;0;0;0;0
Hammam El Gheza;90000.0;1000.0;1;1;0;0;0;0;0;0;0;0
Hammam El Gheza;63000.0;1000.0;1;1;0;0;0;0;0;0;0;0
Ezzahra;63000.0;1000.0;1;1;0;0;0;0;0;0;0;0
Hammam Jebli;1690000.0;1300.0;1;1;0;0;0;0;0;0;0;0
Hammam El Gheza;63000.0;1000.0;1;1;0;0;0;0;0;0;0;0
Kerkouane;1410000.0;2350.0;1;1;0;0;0;0;0;0;0;0
Dar Allouche;730400.0;913.0;0;1;0;0;0;0;0;0;0;0
Ain Errahma;300000.0;50000.0;1;0;0;0;0;0;0;0;0;0
Borj Hafaiedh;520000.0;120.0;0;0;1;1;0;0;2;0;0;0
Borj Hafaiedh;261200.0;15.0;0;1;1;1;0;0;2;0;0;0
Ras Jebel;90000.0;90.0;0;1;0;0;0;0;0;0;0;0
Metline;355555.0;270.0;0;0;0;1;1;0;0;0;0;0
Chatt Meriem;110000.0;1783.0;0;0;0;0;0;0;1;0;0;0
Chatt Meriem;200000.0;2200.0;0;0;0;0;0;0;1;0;0;0
Hammam Jebli;1179100.0;907.0;1;1;0;0;0;0;0;0;0;0
Hammam Jebli;1179100.0;907.0;1;1;0;0;0;0;0;0;0;0
Dar Allouche;90000.0;1000.0;0;1;0;0;0;0;0;0;0;0
Kerkouane;1260000.0;2100.0;1;1;0;0;0;0;0;0;0;0
Dar Allouche;672000.0;840.0;0;1;0;0;0;0;0;0;0;0
Kerkouane;90000.0;1000.0;0;1;0;0;0;0;0;0;0;0
Kelibia;1735000.0;694.0;1;1;0;0;0;0;0;0;0;0
Ezzahra;1155000.0;770.0;0;1;0;0;0;0;0;0;0;0
Kerkouane;960000.0;1600.0;1;1;0;0;0;0;0;0;0;0
Hammam Jebli;90000.0;1000.0;0;1;0;0;0;0;0;0;0;0
Kelibia;1950000.0;780.0;0;1;0;0;0;0;0;0;0;0
Hammam Jebli;1690000.0;1300.0;1;1;0;0;0;0;0;0;0;0
Ezzahra;90000.0;1000.0;1;1;0;0;0;0;0;0;0;0
Kerkouane;1410000.0;2350.0;1;1;0;0;0;0;0;0;0;0
Chaouat;5000000.0;380000.0;0;0;0;0;1;0;0;0;1;0
El Haouaria;90000.0;1000.0;0;1;1;0;0;0;0;0;0;0
Hammam El Gheza;90000.0;1000.0;1;1;0;0;0;0;0;0;0;0
Hammam Jebli;63000.0;1000.0;0;1;1;0;0;0;0;0;0;0
Hammam Jebli;63000.0;1000.0;0;1;0;0;0;0;0;0;0;0
Kelibia;1280000.0;512.0;0;1;0;0;0;0;0;0;0;0
Kelibia;1280000.0;512.0;0;1;0;0;0;0;0;0;0;0
Tamazrat;200000.0;4000.0;1;1;0;0;0;0;0;0;0;0
Sidi Thabet;1500000.0;30000.0;0;0;0;0;0;0;0;0;0;0
Ezzahra;1327500.0;10000.0;0;1;1;0;0;0;0;0;0;0
Hammam El Gheza;1666000.0;980.0;0;1;0;0;0;0;0;0;0;0
Dar Allouche;960800.0;1201.0;0;1;1;0;0;0;0;0;0;0
Kerkouane;63000.0;1000.0;0;1;0;0;0;0;0;0;0;0
Kerkouane;1110000.0;1850.0;0;1;0;0;0;0;0;0;0;0
El Haouaria;63000.0;1000.0;1;1;0;0;0;0;0;0;0;0
Hammam Jebli;1839500.0;1415.0;0;1;0;0;0;0;0;0;0;0
El Haouaria;90000.0;1000.0;1;1;0;0;0;0;0;0;0;0
Dar Allouche;792000.0;990.0;0;1;0;0;0;0;0;0;0;0
Dar Allouche;792000.0;990.0;0;1;0;0;0;0;0;0;0;0
Kerkouane;1980000.0;3300.0;0;1;0;0;0;0;0;0;0;0
Kelibia;2362500.0;945.0;0;1;0;0;0;0;0;0;0;0
Ezzahra;840000.0;560.0;0;1;0;0;0;0;0;0;0;0
Hammam El Gheza;90000.0;1000.0;1;1;0;0;0;0;0;0;0;0
Hammam El Gheza;90000.0;1000.0;1;1;0;0;0;0;0;0;0;0
Somaa;110000.0;1906.0;0;1;0;0;0;0;0;0;0;0
Dar Allouche;672000.0;840.0;0;1;0;0;0;0;0;0;0;0
Hammam El Gheza;63000.0;1000.0;1;1;0;0;0;0;0;0;0;0
Hammam El Gheza;63000.0;1000.0;1;1;0;0;0;0;0;0;0;0
Kerkouane;1260000.0;2100.0;1;1;0;0;0;0;0;0;0;0
Kelibia;63000.0;1000.0;1;1;0;0;0;0;0;0;0;0
Ezzahra;63000.0;1000.0;0;1;0;0;0;0;0;0;0;0
Tamazrat;63000.0;1000.0;0;1;0;0;0;0;0;0;0;0
Dar Allouche;920000.0;1150.0;0;1;0;0;0;0;0;0;0;0
Ezzahra;63000.0;1000.0;1;1;0;0;0;0;0;0;0;0
Ezzahra;63000.0;1000.0;1;1;0;0;0;0;0;0;0;0
Hammam Jebli;63000.0;1000.0;0;1;0;0;0;0;0;0;0;0
Dar Allouche;90000.0;1000.0;1;1;0;0;0;0;0;0;0;0
Tamazrat;1000000.0;2000.0;1;1;0;0;0;0;0;0;0;0
Hammam Jebli;1586000.0;1220.0;0;1;0;0;0;0;0;0;0;0
Hammam Jebli;1586000.0;1220.0;0;1;0;0;0;0;0;0;0;0
Dar Allouche;63000.0;1000.0;1;1;0;0;0;0;0;0;0;0
Ezzahra;1155000.0;770.0;1;1;0;0;0;0;0;0;0;0
Hammam El Gheza;63000.0;1000.0;1;1;0;0;0;0;0;0;0;0
Hammam El Gheza;63000.0;1000.0;1;1;0;0;0;0;0;0;0;0
Hammam El Gheza;63000.0;1000.0;1;1;0;0;0;0;0;0;0;0
Ezzahra;63000.0;1000.0;0;1;0;0;0;0;0;0;0;0
Kerkouane;1410000.0;2350.0;1;1;0;0;0;0;0;0;0;0
Hammam El Gheza;63000.0;1000.0;0;1;0;0;0;0;0;0;0;0
Tamazrat;1250000.0;2500.0;0;1;0;0;0;0;0;0;0;0
Sidi Aich;1025000.0;410000.0;0;0;0;1;0;0;0;1;0;0
Mejez El Bab;900000.0;1200000.0;0;0;0;0;0;0;0;1;0;0
Hammam El Gheza;63000.0;1000.0;0;1;0;0;0;0;0;0;0;0
Dar Allouche;960800.0;1201.0;1;1;0;0;0;0;0;0;0;0
El Haouaria;63000.0;1000.0;0;1;0;0;0;0;0;0;0;0
Aousja;970000.0;7000.0;0;0;0;0;0;100;0;0;0;0
Hammam Jebli;1144000.0;880.0;1;1;0;0;0;0;0;0;0;0
Hammam Jebli;1144000.0;880.0;1;1;0;0;0;0;0;0;0;0
Kerkouane;63000.0;1000.0;0;1;0;0;0;0;0;0;0;0
Kerkouane;1980000.0;3300.0;0;1;0;0;0;0;0;0;0;0
Kerkouane;1980000.0;3300.0;0;1;0;0;0;0;0;0;0;0
Kerkouane;90000.0;1000.0;0;1;0;0;0;0;0;0;0;0
Beni Khalled;150000.0;2700.0;0;0;0;0;1;0;2;0;0;0
Dar Allouche;63000.0;1000.0;1;1;0;0;0;0;0;0;0;0
Hammam Jebli;1179100.0;907.0;1;1;0;0;0;0;0;0;0;0
Hammam Jebli;1179100.0;907.0;1;1;0;0;0;0;0;0;0;0
Hammam Jebli;1179100.0;907.0;1;1;0;0;0;0;0;0;0;0
Hammam Jebli;1179100.0;907.0;1;1;0;0;0;0;0;0;0;0
Hammam Jebli;1179100.0;907.0;1;1;0;0;0;0;0;0;0;0
Hammam El Gheza;1020000.0;600.0;1;1;0;0;0;0;0;0;0;0
Kelibia;63000.0;1000.0;1;1;0;0;0;0;0;0;0;0
Kelibia;63000.0;1000.0;1;1;0;0;0;0;0;0;0;0
Kerkouane;1260000.0;2100.0;1;1;0;0;0;0;0;0;0;0
Tamazrat;1000000.0;2000.0;1;1;0;0;0;0;0;0;0;0
Menzel Bouzelfa;1150000.0;40000.0;0;0;0;0;0;0;2;0;1;0
Tamazrat;90000.0;1000.0;0;1;0;0;0;0;0;0;0;0
Ezzahra;1155000.0;770.0;0;1;0;0;0;0;0;0;0;0
Hammam El Gheza;1411000.0;830.0;1;1;0;0;0;0;0;0;0;0
Ezzahra;63000.0;1000.0;1;1;0;0;0;0;0;0;0;0
Ezzahra;90000.0;1000.0;1;1;0;0;0;0;0;0;0;0
Ezzahra;795000.0;530.0;1;1;0;0;0;0;0;0;0;0
Kerkouane;1410000.0;2350.0;1;1;0;0;0;0;0;0;0;0
Kelibia;2132500.0;853.0;1;1;0;0;0;0;0;0;0;0
Dar Allouche;792000.0;990.0;0;1;0;0;0;0;0;0;0;0
Kelibia;2362500.0;945.0;0;1;0;0;0;0;0;0;0;0
Ezzahra;90000.0;1000.0;1;1;0;0;0;0;0;0;0;0
Hammam El Gheza;1020000.0;600.0;1;1;0;0;0;0;0;0;0;0
Kelibia;1735000.0;694.0;0;1;0;0;0;0;0;0;0;0
Hammam El Gheza;63000.0;1000.0;1;1;0;0;0;0;0;0;0;0
El Haouaria;818000.0;818.0;1;1;0;0;0;0;0;0;0;0
Tamazrat;1000000.0;2000.0;1;1;0;0;0;0;0;0;0;0
Kerkouane;63000.0;1000.0;0;1;0;0;0;0;0;0;0;0
Hammam El Gheza;1411000.0;830.0;1;1;0;0;0;0;0;0;0;0
Tazarka;1150000.0;52000.0;0;0;0;0;0;0;0;0;1;0
Kerkouane;960000.0;1600.0;0;1;0;0;0;0;0;0;0;0
Kelibia;1950000.0;780.0;0;1;0;0;0;0;0;0;0;0
Kenana;390000.0;14000.0;0;0;0;0;0;0;1;0;0;1
Denden;400000.0;5549.0;0;0;0;0;0;0;0;0;0;0
El Haouaria;2020000.0;2020.0;0;1;0;0;0;0;0;0;0;0
Sidi Ahmed Jedi;240000.0;120000.0;0;0;0;0;0;0;0;0;0;0
Hammam Jebli;1690000.0;1300.0;1;1;0;0;0;0;0;0;0;0
Ezzahra;795000.0;530.0;1;1;0;0;0;0;0;0;0;0
Hammam El Gheza;1819000.0;1070.0;0;1;0;0;0;0;0;0;0;0
Mejez El Bab;420000.0;420.0;0;0;0;0;0;0;0;0;0;0
Sidi Mediene;112500.0;450000.0;0;0;0;0;0;0;0;0;0;0
Marj Aouam;156000.0;150000.0;0;0;0;0;0;0;0;0;0;0
Hammam El Gheza;90000.0;1000.0;1;1;0;0;0;0;0;0;0;0
Hammam El Gheza;90000.0;1000.0;1;1;0;0;0;0;0;0;0;0
Hammam El Gheza;90000.0;1000.0;1;1;0;0;0;0;0;0;0;0
Hammam El Gheza;1666000.0;980.0;1;1;0;0;0;0;0;0;0;0
Hammam El Gheza;63000.0;1000.0;1;1;0;0;0;0;0;0;0;0
Kerkouane;1110000.0;1850.0;0;1;0;0;0;0;0;0;0;0
El Haouaria;90000.0;1000.0;1;1;0;0;0;0;0;0;0;0
Hammam El Gheza;1266500.0;745.0;1;1;0;0;0;0;0;0;0;0
Kerkouane;1260000.0;2100.0;0;1;0;0;0;0;0;0;0;0
Hammam Jebli;90000.0;1000.0;1;1;0;0;0;0;0;0;0;0
Tamazrat;1500000.0;3000.0;0;1;0;0;0;0;0;0;0;0
Hammam Jebli;1179100.0;907.0;1;1;0;0;0;0;0;0;0;0
Hammam El Gheza;1020000.0;660.0;1;1;0;0;0;0;0;0;0;0
Hammam Jebli;63000.0;1000.0;1;1;0;0;0;0;0;0;0;0
Dar Allouche;90000.0;1000.0;0;1;0;0;0;0;0;0;0;0
Dar Allouche;920000.0;1150.0;0;1;0;0;0;0;0;0;0;0
Kelibia;1950000.0;780.0;0;1;0;0;0;0;0;0;0;0
Hammam El Gheza;1411000.0;830.0;1;1;0;0;0;0;0;0;0;0
El Haouaria;970000.0;970.0;1;1;0;0;0;0;0;0;0;0
Somaa;110000.0;1906.0;0;1;0;0;0;0;0;0;0;0
Dar Allouche;730400.0;913.0;0;1;0;0;0;0;0;0;0;0
Tamazrat;1250000.0;2500.0;0;1;0;0;0;0;0;0;0;0
Hammam Jebli;1690000.0;1300.0;1;1;0;0;0;0;0;0;0;0
Hammam El Gheza;1819000.0;1070.0;1;1;0;0;0;0;0;0;0;0
Ksibet Sousse;15000.0;180000.0;0;0;0;0;0;0;0;0;0;0
El Haouaria;90000.0;1000.0;1;1;0;0;0;0;0;0;0;0
Hammam Jebli;1495000.0;1150.0;0;1;0;0;0;0;0;0;0;0
Hammam El Gheza;1666000.0;980.0;1;1;0;0;0;0;0;0;0;0
Kerkouane;2220000.0;3700.0;0;1;0;0;0;0;0;0;0;0
Dar Allouche;624000.0;780.0;1;1;0;0;0;0;0;0;0;0
Hammam Jebli;63000.0;1000.0;0;1;0;0;0;0;0;0;0;0
Ezzahra;90000.0;1000.0;1;1;0;0;0;0;0;0;0;0
Tamazrat;1500000.0;3000.0;0;1;0;0;0;0;0;0;0;0
Chorfech;270000.0;120000.0;0;0;0;0;0;0;0;0;0;0
Hammam El Gheza;1020000.0;600.0;1;1;0;0;0;0;0;0;0;0
Kerkouane;1260000.0;2100.0;0;1;0;0;0;0;0;0;0;0
Kerkouane;63000.0;1000.0;0;1;0;0;0;0;0;0;0;0
El Machrouha;290000.0;4000.0;0;0;0;1;0;50;0;0;1;0
El Haouaria;75000.0;4000.0;1;0;1;1;0;0;0;0;0;0
Dar Allouche;90000.0;1000.0;0;1;0;0;0;0;0;0;0;0
Dar Allouche;90000.0;1000.0;0;1;0;0;0;0;0;0;0;0
Kelibia;1950000.0;780.0;1;1;0;0;0;0;0;0;0;0
El Haouaria;970000.0;970.0;0;1;0;0;0;0;0;0;0;0
Hammam El Gheza;63000.0;1000.0;1;1;0;0;0;0;0;0;0;0
Ezzahra;795000.0;530.0;0;1;0;0;0;0;0;0;0;0
Kerkouane;1410000.0;2350.0;0;1;1;0;0;0;0;0;0;0
Kelibia;2132500.0;853.0;1;1;0;0;0;0;0;0;0;0
Somaa;550000.0;40000.0;0;0;0;0;0;0;1;0;0;0
Menzel Temime;750000.0;120.0;0;1;0;0;0;0;0;0;1;0
Bou Laaba;300000.0;375000000.0;0;1;0;0;0;0;0;0;0;0
Hicher;100000.0;50000.0;0;0;0;0;0;0;0;0;0;0
Enfidha;800000.0;75000.0;0;0;0;0;0;0;0;0;0;0
Takrouna;160000.0;12.0;0;0;0;0;0;0;0;0;1;0
Kerkouane;63000.0;1000.0;1;1;0;0;0;0;0;0;0;0
El Haouaria;3010000.0;3010.0;1;1;0;0;0;0;0;0;0;0
Tamazrat;750000.0;1500.0;1;1;0;0;0;0;0;0;0;0
Hammam Jebli;1027000.0;790.0;0;1;0;0;0;0;0;0;0;0
Kerkouane;90000.0;1000.0;0;1;0;0;0;0;0;0;0;0
Kerkouane;2508000.0;4180.0;0;1;0;0;0;0;0;0;0;0
Hammam El Gheza;90000.0;1000.0;1;1;0;0;0;0;0;0;0;0
Kelibia;63000.0;1000.0;1;1;0;0;0;0;0;0;0;0
El Haouaria;1073000.0;1073.0;1;1;0;0;0;0;0;0;0;0
Hammam Jebli;1586000.0;1220.0;0;1;0;0;0;0;0;0;0;0
Kelibia;90000.0;1000.0;0;1;0;0;0;0;0;0;0;0
Hammam Jebli;1411000.0;830.0;0;1;0;0;0;0;0;0;0;0
Kelibia;1950000.0;780.0;1;1;0;0;0;0;0;0;0;0
Ezzahra;63000.0;1000.0;0;1;0;0;0;0;0;0;0;0
Ezzahra;63000.0;1000.0;0;1;0;0;0;0;0;0;0;0
El Haouaria;970000.0;970.0;1;1;0;0;0;0;0;0;0;0
Tamazrat;1250000.0;2500.0;0;1;0;0;0;0;0;0;0;0
Tamazrat;1250000.0;2500.0;0;1;0;0;0;0;0;0;0;0
Hammam El Gheza;1819000.0;1070.0;1;1;0;0;0;0;0;0;0;0
Kerkouane;1410000.0;2350.0;0;1;0;0;0;0;0;0;0;0
Mornag;849000.0;56602.0;0;1;0;0;0;0;0;0;0;0
El Fejja;700000.0;2500.0;0;0;0;0;1;200;1;0;0;0
Delaiel El Arou;175000.0;800.0;0;0;0;0;1;700;1;1;0;1
Sminja;520000.0;130000.0;0;0;1;1;0;0;0;0;0;1
Chaalil Sud;270000.0;950000.0;0;0;0;0;0;0;0;0;0;0
Sminja;200000.0;50000.0;0;0;1;1;0;0;0;0;0;1
Zaghouan;450000.0;150000.0;0;0;0;0;0;0;0;0;0;1
Zaghouan;540000.0;500.0;0;0;1;0;1;0;0;1;1;1
Bent Saidane;860000.0;75002.0;0;0;0;0;0;0;0;0;1;1
Bir Mcherga;300000.0;4502.0;0;0;1;1;1;0;0;0;1;1
Bir Mcherga;650000.0;50.0;0;0;1;1;0;0;0;0;1;1
Bir Mcherga;215000.0;500.0;0;0;1;1;0;0;0;0;0;1
Bir Mcherga;700000.0;160000.0;0;0;1;1;0;0;0;0;1;0
Bir Mcherga;175000.0;250000.0;0;0;1;0;0;0;0;0;0;1
Ain El Asker;100000.0;250000.0;0;0;0;0;0;0;0;0;0;1
Bent Saidane;850000.0;75002.0;0;0;0;0;0;0;0;0;1;1
Boucha;90000.0;75002.0;0;0;0;0;1;90;1;0;1;1
Chatt Meriem;471380.0;1274.0;0;0;0;0;0;0;0;0;0;0
Hammam El Gheza;1062500.0;625.0;1;1;0;0;0;0;0;0;0;0
Kerkouane;1980000.0;3300.0;0;1;0;0;0;0;0;0;0;0
Kerkouane;1980000.0;3300.0;0;1;0;0;0;0;0;0;0;0
Kelibia;2362500.0;945.0;0;1;0;0;0;0;0;0;0;0
Hammam Jebli;90000.0;1000.0;0;1;0;0;0;0;0;0;0;0
Tamazrat;1750000.0;3500.0;1;1;0;0;0;0;0;0;0;0
Ezzahra;840000.0;560.0;0;1;0;0;0;0;0;0;0;0
Borj El Amri;120000.0;10000.0;0;0;0;0;0;0;0;0;0;0
Kelibia;63000.0;1000.0;0;1;0;0;0;0;0;0;0;0
El Fahs;1340000.0;670000.0;0;0;0;0;0;0;0;0;0;0
Bir Mcherga;190000.0;200.0;0;0;0;0;0;450;1;0;0;1
Kerkouane;2508000.0;4180.0;0;1;0;0;0;0;0;0;0;0
Kelibia;2275000.0;910.0;0;1;0;0;0;0;0;0;0;0
Tamazrat;750000.0;1500.0;0;1;0;0;0;0;0;0;0;0
Tamazrat;750000.0;1500.0;0;1;0;0;0;0;0;0;0;0
Ezzahra;1080000.0;720.0;0;1;0;0;0;0;0;0;0;0
El Kedoua;45000.0;20002.0;0;1;0;0;0;0;0;0;0;0
Mejez El Bab;550000.0;2200000.0;0;0;0;0;0;0;0;0;0;0
Mejez El Bab;420000.0;120000.0;0;0;0;0;0;0;0;0;0;0
Delaiel El Arou;320000.0;50000.0;0;0;1;0;0;0;0;0;0;1
Mejez El Bab;55000.0;220000.0;0;0;0;0;0;0;0;0;0;0
Sminja;400000.0;100000.0;0;0;1;0;0;0;0;0;0;1
Bir Mcherga;1050000.0;70000.0;0;0;0;0;0;0;0;0;1;0
Ain El Asker;460000.0;750000.0;0;0;0;0;0;0;0;0;0;0
Bir Mcherga;430000.0;110000.0;0;0;0;0;0;0;0;0;0;1
Ain El Asker;420000.0;120000.0;0;0;0;0;0;0;0;0;0;1
Chala;2000000.0;4002.0;0;0;0;0;0;0;0;0;1;0
Bou Charray;400000.0;300.0;0;1;0;0;0;0;1;1;0;0
Chatt Meriem;127000.0;1681.0;0;0;0;0;0;0;1;0;0;0
Mejez El Bab;400000.0;400.0;0;0;0;0;0;0;0;0;1;0
Testour;4200000.0;1600000.0;0;0;0;0;0;0;0;0;0;0
Bir Mcherga;135000.0;150000.0;0;0;0;0;0;0;0;0;1;1
Sidi Messaoud;60000.0;18002.0;0;0;0;0;0;0;3;0;0;0
El Fahs;400000.0;170002.0;0;0;0;0;0;0;0;0;1;0
Bir Mcherga;350000.0;650000.0;0;1;0;0;0;0;0;0;0;1
Bir Mcherga;390000.0;7180000.0;0;1;0;0;0;0;0;0;0;1
Bir Mcherga;195000.0;3590000.0;0;1;0;0;0;0;0;0;0;1
Delaiel El Arou;260000.0;1150000.0;0;0;0;0;0;0;1;0;0;1
Boucha;1250000.0;850000.0;0;0;0;0;0;0;0;0;1;0
Ain El Asker;130000.0;20000.0;0;0;0;0;0;0;0;0;1;1
Bir Mcherga;95000.0;150000.0;0;0;0;0;0;50;1;0;1;1
Zaghouan;380000.0;70002.0;0;0;0;0;0;0;0;0;0;0
Bir Mcherga;580000.0;290000.0;0;0;1;0;0;0;0;0;0;0
Zaghouan;800000.0;200.0;0;0;0;0;0;0;0;0;1;0
Delaiel El Arou;175000.0;100.0;0;0;1;0;0;50;0;0;1;1
Ain El Asker;650000.0;1202.0;0;0;1;0;0;0;0;0;1;1
Boucha;200000.0;1200.0;0;0;0;0;0;0;0;0;0;1
Bir Mcherga;260000.0;200.0;0;0;0;0;0;500;1;0;0;1
Bir Mcherga;247000.0;900.0;0;0;0;0;0;0;0;0;0;1
Bir Mcherga;430000.0;75002.0;0;0;0;0;0;150;1;0;1;1
Jebel El Oust;750000.0;650000.0;0;0;0;0;0;0;1;0;1;1
Delaiel El Arou;360000.0;25002.0;0;0;0;0;0;0;0;0;1;1
Bir Mcherga;750000.0;220000.0;0;0;0;0;0;0;1;0;0;1
Bir Mcherga;580000.0;130000.0;0;0;0;0;0;0;1;0;0;0
Bir Mcherga;430000.0;110000.0;0;0;0;0;0;0;1;0;0;1
Jebel El Oust;1850000.0;125002.0;0;0;0;0;0;0;0;0;0;1
Ain El Asker;750000.0;80002.0;0;0;0;0;0;0;0;0;0;1
Sminja;640000.0;170000.0;0;0;0;0;0;0;0;0;0;1
Boucha;1250000.0;70000.0;0;0;0;0;0;0;0;0;1;0
Jebel El Oust;250000.0;150.0;0;0;0;0;0;1200;1;0;1;0
Kelibia;35000.0;4000.0;0;0;0;0;0;0;1;0;0;0
El Frada;550000.0;6500.0;0;0;0;0;0;0;0;0;0;0
Ain Essobh;400000.0;200.0;1;1;0;1;0;180;1;0;0;0
Ain Tebournok;900000.0;120000.0;0;0;0;0;0;0;0;0;0;1
Hammamet;425000.0;1700.0;0;0;0;0;0;0;2;0;0;0
Naassen;140000.0;2602.0;0;0;0;0;0;0;0;0;0;0
Cite Kaa El Bal;105000.0;350.0;0;0;0;0;0;0;0;0;0;0
Kalaa El Kebira;140000.0;4200.0;0;0;0;0;0;0;1;0;0;0
Chatt Meriem;1230000.0;4100.0;0;0;0;0;0;0;1;0;0;0
Dar Allouche;642000.0;780.0;1;1;0;0;0;0;0;0;0;0
Dar Allouche;642000.0;780.0;1;1;0;0;0;0;0;0;0;0
Tamazrat;90000.0;1000.0;1;1;0;0;0;0;0;0;0;0
El Haouaria;1900000.0;1900.0;0;1;0;0;0;0;0;0;0;0
Tamazrat;2500000.0;5000.0;1;1;0;0;0;0;0;0;0;0
Hammam Jebli;1839500.0;1415.0;0;1;0;0;0;0;0;0;0;0
Ezzahra;90000.0;1000.0;1;1;0;0;0;0;0;0;0;0
Ezzahra;1470000.0;980.0;1;1;0;0;0;0;0;0;0;0
Hammam El Gheza;1266500.0;745.0;0;1;0;0;0;0;0;0;0;0
Hammam El Gheza;63000.0;1000.0;1;1;0;0;0;0;0;0;0;0
Hammam El Gheza;63000.0;1000.0;1;1;0;0;0;0;0;0;0;0
Dar Allouche;960800.0;1201.0;0;1;0;0;0;0;0;0;0;0
Kalaa El Kebira;480000.0;800.0;0;0;0;0;0;0;0;0;0;0
Kelibia;2575000.0;1030.0;0;1;0;0;0;0;0;0;0;0
El Haouaria;63000.0;1000.0;1;1;0;0;0;0;0;0;0;0
Tamazrat;1750000.0;3500.0;1;1;0;0;0;0;0;0;0;0
Ezzahra;840000.0;560.0;0;1;0;0;0;0;0;0;0;0
Hammam El Gheza;1725500.0;1015.0;1;1;0;0;0;0;0;0;0;0
Kelibia;2362500.0;945.0;0;1;0;0;0;0;0;0;0;0
El Haouaria;818000.0;818.0;0;1;0;0;0;0;0;0;0;0
Hammam Jebli;1179100.0;907.0;1;1;0;0;0;0;0;0;0;0
Dar Allouche;90000.0;1000.0;1;1;0;0;0;0;0;0;0;0
Hammam El Gheza;1020000.0;600.0;1;1;0;0;0;0;0;0;0;0
Kelibia;63000.0;1000.0;1;1;0;0;0;0;0;0;0;0
Dar Allouche;672000.0;840.0;0;1;0;0;0;0;0;0;0;0
Kelibia;1735000.0;694.0;0;1;0;0;0;0;0;0;0;0
Kelibia;90000.0;1000.0;0;1;0;0;0;0;0;0;0;0
Kelibia;90000.0;1000.0;0;1;0;0;0;0;0;0;0;0
Tamazrat;63000.0;1000.0;0;1;1;0;0;0;0;0;0;0
Tamazrat;63000.0;1000.0;0;1;1;0;0;0;0;0;0;0
Hammam Jebli;1586000.0;1220.0;1;1;0;0;0;0;0;0;0;0
Ezzahra;1155000.0;770.0;1;1;0;0;0;0;0;0;0;0
Hammam Jebli;63000.0;1000.0;0;1;0;0;0;0;0;0;0;0
Dar Allouche;920000.0;1150.0;1;1;0;0;0;0;0;0;0;0
Hammam Jebli;90000.0;1000.0;1;1;0;0;0;0;0;0;0;0
Ezzahra;63000.0;1000.0;1;1;0;0;0;0;0;0;0;0
Ezzahra;63000.0;1000.0;1;1;0;0;0;0;0;0;0;0
Hammam Jebli;1690000.0;1300.0;0;1;0;0;0;0;0;0;0;0
Ezzahra;795000.0;530.0;1;1;0;0;0;0;0;0;0;0
Hammam El Gheza;63000.0;1000.0;1;1;0;0;0;0;0;0;0;0
Kerkouane;1410000.0;2350.0;0;1;0;0;0;0;0;0;0;0
El May;1500000.0;30000.0;0;1;0;0;0;0;1;0;1;0
El Haouaria;90000.0;1000.0;1;1;0;0;0;0;0;0;0;0
Dar Allouche;960800.0;1201.0;0;1;0;0;0;0;0;0;0;0
El Haouaria;63000.0;1000.0;1;1;0;0;0;0;0;0;0;0
Tamazrat;1750000.0;3500.0;1;1;0;0;0;0;0;0;0;0
Hammam Jebli;90000.0;1000.0;0;1;0;0;0;0;0;0;0;0
Hammam Jebli;63000.0;1000.0;1;1;0;0;0;0;0;0;0;0
Tamazrat;1500000.0;3000.0;0;1;0;0;0;0;0;0;0;0
Hammam Jebli;1179100.0;907.0;0;1;0;0;0;0;0;0;0;0
Ezzahra;63000.0;1000.0;1;1;0;0;0;0;0;0;0;0
Hammam El Gheza;90000.0;1000.0;0;1;1;0;0;0;0;0;0;0
Dar Allouche;672000.0;840.0;1;1;0;0;0;0;0;0;0;0
Kelibia;1735000.0;694.0;0;1;0;0;0;0;0;0;0;0
El Haouaria;818000.0;818.0;0;1;1;0;0;0;0;0;0;0
Kerkouane;90000.0;1000.0;1;1;0;0;0;0;0;0;0;0
Tamazrat;1000000.0;2000.0;0;1;0;0;0;0;0;0;0;0
Kerkouane;63000.0;1000.0;0;1;0;0;0;0;0;0;0;0
Ezzahra;1155000.0;770.0;1;1;0;0;0;0;0;0;0;0
Kelibia;1480000.0;400000.0;0;0;0;0;0;0;0;0;0;0
Dar Allouche;90000.0;1000.0;0;1;0;0;0;0;0;0;0;0
Dar Allouche;90000.0;1000.0;0;1;0;0;0;0;0;0;0;0
Dar Allouche;920000.0;1150.0;0;1;1;0;0;0;0;0;0;0
Dar Allouche;63000.0;1000.0;0;1;0;0;0;0;0;0;0;0
Dar Allouche;63000.0;1000.0;0;1;0;0;0;0;0;0;0;0
Dar Allouche;63000.0;1000.0;0;1;0;0;0;0;0;0;0;0
Tamazrat;1250000.0;2500.0;0;1;0;0;0;0;0;0;0;0
Tamazrat;1250000.0;2500.0;0;1;0;0;0;0;0;0;0;0
Hammam Jebli;1690000.0;1300.0;1;1;0;0;0;0;0;0;0;0
El Haouaria;90000.0;1000.0;1;1;0;0;0;0;0;0;0;0
Chatt Meriem;1875000.0;1500.0;1;0;0;0;0;0;0;0;0;0
El Haouaria;63000.0;1000.0;1;1;0;0;0;0;0;0;0;0
Sidi Jedidi;350000.0;900.0;0;0;0;0;0;0;0;0;0;0
Dar Allouche;90000.0;1000.0;0;1;1;0;0;0;0;0;0;0
El Haouaria;1900000.0;1900.0;0;1;1;0;0;0;0;0;0;0
Dar Allouche;63000.0;1000.0;0;1;0;0;0;0;0;0;0;0
Kelibia;2575000.0;1030.0;0;1;0;0;0;0;0;0;0;0
Hammam Jebli;1839500.0;1450.0;0;1;0;0;0;0;0;0;0;0
El Haouaria;90000.0;1000.0;0;1;0;0;0;0;0;0;0;0
Hammam El Gheza;1266500.0;745.0;1;1;0;0;0;0;0;0;0;0
Hammamet;220180.0;1090.0;0;0;0;0;0;0;0;0;0;0
Kerkouane;90000.0;1000.0;0;1;0;0;0;0;0;0;0;0
Kerkouane;1980000.0;3300.0;0;1;0;0;0;0;0;0;0;0
Tamazrat;1750000.0;3500.0;0;1;1;0;0;0;0;0;0;0
Hammam Jebli;1144000.0;980.0;0;1;1;0;0;0;0;0;0;0
Hammam Jebli;1144000.0;980.0;0;1;1;0;0;0;0;0;0;0
Hammam Jebli;1144000.0;980.0;0;1;1;0;0;0;0;0;0;0
Hammam El Gheza;1725500.0;1015.0;1;1;0;0;0;0;0;0;0;0
Kelibia;63000.0;1000.0;0;1;0;0;0;0;0;0;0;0
El Haouaria;970000.0;970.0;0;1;0;0;0;0;0;0;0;0
Tamazrat;63000.0;1000.0;1;1;0;0;0;0;0;0;0;0
Tamazrat;63000.0;1000.0;1;1;0;0;0;0;0;0;0;0
Kelibia;1735000.0;694.0;0;1;0;0;0;0;0;0;0;0
Tamazrat;1500000.0;3000.0;0;1;0;0;0;0;0;0;0;0
Hammam Jebli;1179100.0;907.0;0;1;0;0;0;0;0;0;0;0
Grombalia;1100000.0;20.0;0;0;0;0;0;0;1;0;1;1
Ezzahra;967500.0;645.0;1;1;0;0;0;0;0;0;0;0
Hammam Jebli;63000.0;1000.0;1;1;0;0;0;0;0;0;0;0
El Haouaria;1073000.0;1070.0;0;1;0;0;0;0;0;0;0;0
Dar Allouche;63000.0;1000.0;1;1;0;0;0;0;0;0;0;0
Kelibia;1950000.0;780.0;1;1;0;0;0;0;0;0;0;0
Hammam Jebli;1586000.0;1220.0;0;1;0;0;0;0;0;0;0;0
Ezzahra;1155000.0;770.0;1;1;0;0;0;0;0;0;0;0
Ezzahra;63000.0;1000.0;0;1;0;0;0;0;0;0;0;0
El Haouaria;970000.0;970.0;0;1;1;0;0;0;0;0;0;0
Kelibia;63000.0;1000.0;1;1;0;0;0;0;0;0;0;0
Dar Allouche;730400.0;913.0;1;1;0;0;0;0;0;0;0;0
Tamazrat;1250000.0;2500.0;1;1;0;0;0;0;0;0;0;0
Hammam El Gheza;90000.0;1000.0;1;1;0;0;0;0;0;0;0;0
Hammam El Gheza;90000.0;1000.0;1;1;0;0;0;0;0;0;0;0
Hammam El Gheza;90000.0;1000.0;1;1;0;0;0;0;0;0;0;0
Hammam El Gheza;1819000.0;1070.0;0;1;0;0;0;0;0;0;0;0
Kelibia;1280000.0;512.0;1;1;0;0;0;0;0;0;0;0
El Haouaria;1900000.0;1900.0;0;1;0;0;0;0;0;0;0;0
El Haouaria;1900000.0;1900.0;0;1;0;0;0;0;0;0;0;0
Tamazrat;90000.0;1000.0;0;1;0;0;0;0;0;0;0;0
Hammam Jebli;1839500.0;1415.0;1;1;0;0;0;0;0;0;0;0
Tamazrat;63000.0;1000.0;0;1;0;0;0;0;0;0;0;0
Ezzahra;1470000.0;980.0;0;1;0;0;0;0;0;0;0;0
Ezzahra;1470000.0;980.0;0;1;0;0;0;0;0;0;0;0
Hammam El Gheza;1266500.0;745.0;1;1;0;0;0;0;0;0;0;0
Hammam El Gheza;1266500.0;745.0;1;1;0;0;0;0;0;0;0;0
Kerkouane;1110000.0;1850.0;0;1;0;0;0;0;0;0;0;0
Kelibia;2575000.0;1030.0;0;1;0;0;0;0;0;0;0;0
Hammam Jebli;90000.0;1000.0;1;1;0;0;0;0;0;0;0;0
Tamazrat;1750000.0;3500.0;1;1;0;0;0;0;0;0;0;0
Hammam Jebli;1144000.0;880.0;0;1;0;0;0;0;0;0;0;0
Hammam Jebli;63000.0;1000.0;0;1;0;0;0;0;0;0;0;0
Hammam El Gheza;1725500.0;1015.0;1;1;0;0;0;0;0;0;0;0
Hammam El Gheza;63000.0;1000.0;1;1;0;0;0;0;0;0;0;0
Dar Allouche;792000.0;990.0;1;1;0;0;0;0;0;0;0;0
Ezzahra;818000.0;818.0;0;1;0;0;0;0;0;0;0;0
Ezzahra;90000.0;1000.0;0;1;0;0;0;0;0;0;0;0
Kalaa El Kebira;370000.0;58280.0;0;0;0;0;0;1200;1;0;0;0
Tamazrat;1500000.0;3000.0;1;1;0;0;0;0;0;0;0;0
Ezzahra;63000.0;1000.0;1;1;0;0;0;0;0;0;0;0
Ezzahra;63000.0;1000.0;1;1;0;0;0;0;0;0;0;0
Hammam El Gheza;1020000.0;970.0;0;1;0;0;0;0;0;0;0;0
Kerkouane;1260000.0;2100.0;1;1;0;0;0;0;0;0;0;0
Kelibia;1735000.0;694.0;0;1;0;0;0;0;0;0;0;0
Ezzahra;90000.0;1000.0;1;1;0;0;0;0;0;0;0;0
Hammam Jebli;1586000.0;1220.0;0;1;0;0;0;0;0;0;0;0
Ezzahra;63000.0;1000.0;0;1;0;0;0;0;0;0;0;0
Ezzahra;1155000.0;770.0;0;1;0;0;0;0;0;0;0;0
Hammam El Gheza;1411000.0;830.0;0;1;0;0;0;0;0;0;0;0
Dar Allouche;90000.0;1000.0;0;1;0;0;0;0;0;0;0;0
Dar Allouche;63000.0;1000.0;1;1;0;0;0;0;0;0;0;0
El Haouaria;970000.0;970.0;0;1;0;0;0;0;0;0;0;0
Hammamet;370000.0;8073.0;0;0;1;1;0;0;0;0;0;0
Hammam El Gheza;63000.0;1000.0;0;1;0;0;0;0;0;0;0;0
Hammam El Gheza;1819000.0;1070.0;0;1;0;0;0;0;0;0;0;0
Kerkouane;1410000.0;2350.0;0;1;0;0;0;0;0;0;0;0
Hammamet;198000.0;220.0;0;0;0;0;0;0;0;0;0;0
Kelibia;2132500.0;853.0;1;1;0;0;0;0;0;0;0;0
Kalaa El Kebira;1840000.0;23000.0;0;0;0;0;0;0;0;0;0;0
Sidi Bou Ali;386010.0;12867.0;0;0;0;0;0;0;1;0;0;0
Hammam El Gheza;63000.0;1000.0;0;1;0;0;0;0;0;0;0;0
Hammam El Gheza;63000.0;1000.0;0;1;0;0;0;0;0;0;0;0
Hammam El Gheza;63000.0;1000.0;1;1;0;0;0;0;0;0;0;0
Hammamet;165000.0;578.0;0;0;0;0;0;0;0;0;0;0
Ezzahra;63000.0;1000.0;1;1;0;0;0;0;0;0;0;0
Sidi Bou Ali;290000.0;30000.0;0;1;0;0;0;126;1;0;0;0
Ghar El Melh;250000.0;30002.0;0;1;0;0;0;0;0;0;1;0
Fouchana;148000.0;41852.0;0;0;0;0;0;0;0;0;0;0
Dar Allouche;1089000.0;330000000.0;1;0;1;0;0;0;0;0;1;0
Bir Drassen;520000.0;30000.0;0;0;0;0;0;0;1;0;1;0
Cite El Kharrou;1000000.0;50000.0;0;0;0;0;1;150;1;0;0;0
Bir Halima;8200000.0;1170000.0;0;0;0;0;0;600;1;0;1;0
Joumine;2475000.0;48.0;0;1;0;0;0;0;0;0;0;0
Jebel Ersass;500000.0;140002.0;0;0;0;0;0;0;0;0;0;1
El Fej;27000.0;650000.0;0;1;0;0;0;1500;1;0;0;0
Dar Allouche;120000.0;146362.0;0;0;0;0;0;0;0;0;0;0
Akouda;163800.0;5460.0;0;1;0;0;0;0;1;0;0;0
Somaa;400000.0;20000.0;0;0;0;0;0;0;0;0;1;0
Chatt Meriem;330000.0;16532.0;0;0;0;0;0;0;0;0;0;0
Jabbes;57000.0;3202.0;0;0;0;0;0;0;0;0;0;0
Essalloum;360000.0;1500.0;0;0;0;0;0;0;0;0;0;0
Birine;350000.0;1.0;0;0;0;0;0;0;0;0;0;0
El Aroussa;15000000.0;800000.0;0;0;0;0;0;0;0;0;0;0
Sidi Thabet;750000.0;2822.0;0;0;0;0;0;0;0;0;0;0
Chatt Meriem;205150.0;373.0;0;0;0;0;0;0;0;0;0;0
Bizerte;350000.0;3721.0;0;0;1;1;0;70;1;0;0;0
Jabbes;300000.0;10000.0;0;0;0;0;0;0;0;0;0;0
Jabbes;300000.0;10000.0;0;0;0;0;0;0;0;0;0;0
Zaghouan;1080000.0;240000.0;0;0;0;0;0;2300;1;0;0;0
Mellita Djerba;79000.0;37172.0;0;0;0;0;0;0;0;0;0;0
Mellita Djerba;105000.0;51052.0;0;0;0;0;0;0;0;0;0;0
Sidi Bou Ali;500000.0;60.0;0;0;0;0;0;0;1;1;1;0
Borj Hafaiedh;2500000.0;95000.0;0;0;0;0;0;0;0;0;1;0
Somaa;110000.0;1906.0;0;1;0;0;0;0;0;0;0;0
Cedouikeche;112500.0;2500.0;0;0;0;0;0;0;0;0;0;0
Bizerte;150000.0;1000.0;0;0;0;0;0;0;0;0;0;0
El Aouabed;300000.0;26.0;0;0;1;0;0;0;0;1;0;0
Chatt Meriem;1435000.0;4100.0;0;0;0;0;0;0;1;0;0;0
Aousja;680000.0;10350.0;0;0;0;0;0;0;0;0;1;0
Hammamet;180000.0;200.0;0;0;1;0;0;0;0;0;0;0
Mateur;2500000.0;2502.0;0;0;0;0;0;0;0;0;1;0
El Fejja;425000.0;95002.0;0;0;1;0;0;0;0;0;0;0
La Mannouba;259000.0;10.0;0;0;0;0;0;0;0;0;0;0
Cherifate;185000.0;3000.0;0;0;0;0;0;30;1;0;1;0
Khelidia;250000.0;250.0;0;0;0;0;0;0;0;0;0;0
Chatt Meriem;350000.0;1400.0;0;0;0;0;1;0;0;0;0;0
Kalaa El Kebira;450000.0;1500.0;0;0;0;0;0;0;0;0;0;0
Saheb Jebel;170000.0;8000.0;0;0;0;0;0;0;0;0;0;0
Sidi Naji;800000.0;40000.0;0;0;0;0;0;0;0;0;0;0
Enfidha;1700000.0;44700.0;0;0;0;0;0;0;0;0;0;0
Bou Ficha;160000.0;11500.0;0;0;0;0;0;0;0;0;0;0
Somaa;110000.0;1906.0;0;1;0;0;0;0;0;0;0;0
Mejez El Bab;36000.0;300000.0;0;0;0;0;0;0;0;0;1;0
Hammamet;325000.0;10.0;0;0;0;0;0;0;0;0;0;0
Chatt Meriem;160000.0;2300.0;0;1;0;0;0;0;0;0;0;0
Chouigui;1100000.0;140000.0;0;0;0;0;0;500;1;0;0;0
Borj El Amri;1100000.0;130000.0;0;0;0;0;0;2200;1;0;1;0
El Marja;912000.0;7600.0;0;0;0;0;0;0;0;0;0;0
Chatt Meriem;195800.0;356.0;0;0;0;0;0;0;0;0;0;0
Chatt Meriem;821700.0;3735.0;0;0;1;0;0;0;0;0;0;0
Hammamet;192000.0;15.0;0;0;0;0;0;0;0;0;0;0
Kelibia;220000.0;17000.0;0;0;0;0;0;0;0;0;0;0
Menzel Bouzelfa;400000.0;750000.0;0;0;0;1;0;650;0;0;0;0
Sidi Bou Ali;450000.0;34553.0;0;0;0;0;0;0;1;0;0;1
Ghardaya;100000.0;3000.0;0;0;0;0;0;0;0;0;0;0
Zaghouan;5200000.0;1170000.0;0;0;0;0;0;0;0;0;1;0
Kalaa El Kebira;541800.0;1290.0;0;0;0;0;0;0;0;0;0;0
Dar Allouche;39000.0;1000.0;1;1;0;0;0;0;0;0;0;0
Ezzahra;39000.0;1000.0;1;1;0;0;0;0;0;0;0;0
Hammam El Gheza;39000.0;1000.0;0;1;0;0;0;0;0;0;0;0
Bir Bouregba;520000.0;192002.0;0;0;0;0;1;0;1;0;0;0
Kelibia;652000.0;2040.0;0;0;0;0;0;30;1;0;0;0
Ain El Asker;360000.0;120000.0;0;0;0;0;0;0;1;0;0;0
Zaghouan;4500000.0;1170000.0;0;0;0;0;0;0;0;0;0;0
Essaltania;11000.0;4412.0;0;0;0;0;0;0;0;0;0;0
Tajerouine;1800000.0;2700000.0;0;0;0;0;0;0;1;0;1;0
Kalaa Essghira;200000.0;4000.0;0;0;0;0;0;0;0;0;0;1
Ezzitoune;1500000.0;500000.0;0;0;0;1;0;0;0;1;0;0
Kalaa El Kebira;6109695.0;45257.0;0;1;0;0;0;0;0;0;0;0
Menzel Bouzelfa;180000.0;180.0;0;0;0;0;0;0;0;0;0;0
Hammam Jebli;200000.0;10000.0;0;1;1;0;0;0;0;0;0;0
Hammam El Gheza;540000.0;30000.0;0;1;0;0;0;0;0;0;0;0
Kerkouane;380000.0;20000.0;0;1;0;0;0;0;0;0;0;0
Hammam El Gheza;200000.0;10000.0;0;1;0;0;0;0;0;0;0;0
Kerkouane;750000.0;50000.0;0;1;0;0;0;0;0;0;0;0
Dar Allouche;660000.0;40000.0;0;1;0;0;0;0;0;0;0;0
Ezzahra;380000.0;20000.0;1;1;0;0;0;0;0;0;0;0
Henchir El Haou;1500000.0;9302.0;0;0;0;0;0;0;0;0;1;0
Bir Bouregba;420000.0;350000.0;0;1;0;0;1;0;0;0;0;0
Hammam Jebli;750000.0;50000.0;1;1;0;0;0;0;0;0;0;0
Hammam El Gheza;660000.0;40000.0;0;1;0;0;0;0;0;0;0;0
Ennagr;29000.0;300.0;0;0;0;0;0;0;0;0;0;0
Kerkouane;540000.0;30000.0;0;1;1;0;0;0;0;0;0;0
Kelibia;200000.0;10000.0;0;1;0;0;0;0;0;0;0;0
Bou Salem;900000.0;1200002.0;0;1;0;0;0;0;0;1;1;0
Dar Chaabane El;190000.0;6000.0;0;0;1;0;0;83;0;1;0;0
Dar Allouche;660000.0;40000.0;0;1;0;0;0;0;0;0;0;0
Jebel Ersass;600000.0;5640.0;0;0;0;0;0;0;0;0;1;0
Hammam El Gheza;200000.0;10000.0;0;1;0;0;0;0;0;0;0;0
Hammam El Gheza;380000.0;20000.0;1;1;0;0;0;0;0;0;0;0
Hammamet;63000.0;610.0;0;0;0;0;0;0;0;0;0;0
Rtiba;590000.0;115892.0;0;0;0;0;0;0;0;0;1;0
Kelibia;540000.0;30000.0;0;1;0;0;0;0;0;0;0;0
Testour;340000.0;570000.0;0;0;1;1;0;300;0;0;0;0
Hammam El Gheza;660000.0;0.0;1;1;0;0;0;0;0;0;0;0
Fouchana;800000.0;13222.0;0;0;0;0;0;0;0;0;0;0
Hammam El Gheza;660000.0;40000.0;0;1;0;0;0;0;0;0;0;0
El Haouaria;75000.0;4000.0;1;0;1;1;0;0;0;0;0;0
Hammam El Gheza;540000.0;0.0;1;1;0;0;0;0;0;0;0;0
Hammam El Gheza;380000.0;20000.0;0;1;0;0;0;0;0;0;0;0
Chatt Meriem;252000.0;5600.0;0;0;0;0;0;0;1;0;0;0
Aghir;750000.0;9600.0;0;1;0;0;0;0;1;0;0;0
Soliman;750000.0;35000.0;0;0;0;0;0;0;0;1;1;0
Dar Allouche;40000.0;10002.0;0;1;0;0;0;0;0;0;0;0
Henchir El Haou;359800.0;5140.0;0;0;0;0;0;0;0;0;0;0
Tebika;8500000.0;1380000.0;0;0;0;0;0;0;0;0;0;0
Mornag;650000.0;10000.0;0;0;0;0;0;0;0;0;0;0
Chatt Meriem;168960.0;1408.0;0;0;0;0;0;0;0;0;0;0
Hammam El Gheza;200000.0;10000.0;0;1;0;0;0;0;0;0;0;0
Kalaa El Kebira;900000.0;90000.0;0;0;0;0;0;450;1;0;0;1
Hammam El Gheza;660000.0;40000.0;0;1;0;0;0;0;0;0;0;0
Hergla;174850.0;269.0;0;0;0;0;0;0;0;0;0;0
Siliana;15000.0;800000.0;0;0;0;0;0;0;0;0;1;0
Hammamet;216600.0;228.0;0;0;0;0;0;0;0;0;0;0
Chatt Meriem;480000.0;630.0;0;0;0;1;0;0;0;0;0;0
Chatt Meriem;160000.0;2126.0;0;0;0;0;0;0;1;0;0;0
Menzel Fateh;240000.0;500.0;1;0;0;0;0;0;0;0;0;0
El Frada;450000.0;45000.0;0;0;0;0;0;0;0;0;0;0
El Kantaoui;1094850.0;2433.0;0;0;0;0;0;0;0;0;0;0
Chatt Meriem;154800.0;387.0;0;1;0;0;0;0;0;0;0;0
Hammam Jebli;380000.0;20000.0;1;1;0;0;0;0;0;0;0;0
Dar Allouche;540000.0;30000.0;0;1;0;0;0;0;0;0;0;0
Tamazrat;380000.0;20000.0;1;1;0;0;0;0;0;0;0;0
Kelibia;200000.0;10000.0;0;1;0;0;0;0;0;0;0;0
Le Kef;160000.0;160000.0;0;0;0;0;0;0;0;0;0;0
Zaghouan;250000.0;50000.0;0;0;0;0;0;0;0;0;0;0
Gafsa;1300000.0;2000000.0;0;0;0;0;0;0;0;0;0;0
El Haouaria;660000.0;40000.0;0;1;0;0;0;0;0;0;0;0
Hammam El Gheza;380000.0;20000.0;0;1;0;0;0;0;0;0;0;0
Kalaa El Kebira;80000.0;800.0;0;0;0;0;1;0;1;0;0;0
Ezzahra;200000.0;10000.0;1;1;0;0;0;0;0;0;0;0
Ezzahra;750000.0;50000.0;1;1;0;0;0;0;0;0;0;0
Dar Allouche;200000.0;10000.0;1;1;0;0;0;0;0;0;0;0
Tamazrat;660000.0;660.0;1;1;0;0;0;0;0;0;0;0
Hammam El Gheza;200000.0;0.0;0;1;0;0;0;0;0;0;0;0
El Marja;2000000.0;650000.0;0;0;0;0;0;2000;2;0;1;0
Sidi Aich;210000.0;150000.0;0;0;0;0;0;100;0;0;0;0
Ezzahra;380000.0;20000.0;1;1;0;0;0;0;0;0;0;0
Tamazrat;750000.0;50000.0;0;1;0;0;0;0;0;0;0;0
Hammam El Gheza;540000.0;30000.0;0;1;0;0;0;0;0;0;0;0
Chegarnia;340000.0;40000.0;0;0;0;0;0;0;0;0;0;0
Gammart;5806000.0;322602.0;0;0;0;0;0;0;0;1;0;0
Belaoum;700000.0;47000.0;0;0;0;0;0;410;1;0;0;0
Chorfech 2;28000.0;160.0;0;0;0;0;0;0;0;0;0;0
Sidi Thabet;2500000.0;50002.0;0;0;0;0;0;0;0;0;0;0
